ID_CHAMADA,DATA_CONTATO,DURACAO_SEG_CHAMADA,OPERADOR,EMPRESA,SUCESSO
1,2021-06-01 18:52:00.000,281,1,1,True
2,2021-06-01 18:51:00.000,158,2,1,True
3,2021-06-01 18:49:00.000,421,3,1,True
4,2021-06-01 18:46:00.000,218,4,1,True
5,2021-06-01 18:46:00.000,211,5,1,False
6,2021-06-01 18:38:00.000,149,6,1,False
7,2021-06-01 18:42:00.000,118,7,1,False
8,2021-10-09 13:29:00.000,320,8,2,True
9,2021-10-09 13:25:00.000,187,9,2,True
10,2021-10-09 13:15:00.000,138,9,2,True
11,2021-10-09 13:13:00.000,207,10,2,True
12,2021-10-09 13:11:00.000,552,11,2,True
13,2021-10-09 13:10:00.000,157,12,2,True
14,2021-10-09 13:02:00.000,132,13,2,False
15,2021-10-09 12:58:00.000,469,14,2,True
16,2021-10-09 12:55:00.000,281,15,2,True
17,2021-09-02 12:48:00.000,342,16,3,True
18,2021-10-09 13:29:00.000,131,17,2,False
19,2021-10-09 13:14:00.000,239,18,2,True
20,2021-10-09 13:13:00.000,631,19,2,True
21,2021-10-09 13:11:00.000,116,20,2,False
22,2021-10-14 09:05:00.000,623,21,1,True
23,2021-10-09 13:08:00.000,130,22,2,False
24,2021-10-09 13:03:00.000,405,23,2,True
25,2021-10-09 13:01:00.000,220,24,2,False
26,2021-10-09 12:59:00.000,166,25,2,False
27,2021-10-09 12:59:00.000,216,26,2,False
28,2021-10-09 12:58:00.000,163,27,2,True
29,2021-10-09 12:56:00.000,258,28,2,True
30,2021-10-16 13:39:00.000,689,29,3,True
31,2021-10-09 13:24:00.000,152,30,2,False
32,2021-10-09 12:58:00.000,145,31,2,False
33,2021-10-09 12:55:00.000,146,25,2,False
34,2021-12-03 10:15:00.000,487,32,2,False
35,2021-12-03 08:25:00.000,232,33,2,False
36,2021-12-03 11:05:00.000,418,34,2,True
37,2021-12-10 10:47:00.000,183,35,2,False
38,2021-12-03 09:15:00.000,197,36,2,True
39,2021-12-03 10:33:00.000,254,37,2,True
40,2021-12-08 10:28:00.000,273,38,2,False
41,2021-12-03 13:51:00.000,267,39,2,False
42,2021-12-03 08:45:00.000,254,40,2,False
43,2021-11-01 08:00:00.000,1726,8,2,True
44,2021-12-03 10:16:00.000,320,35,2,False
45,2021-12-03 11:38:00.000,155,41,2,False
46,2021-12-03 12:00:00.000,326,42,2,True
47,2021-12-03 11:05:00.000,668,8,2,True
48,2021-12-03 09:15:00.000,119,43,2,False
49,2021-12-03 08:00:00.000,117,44,2,False
50,2021-12-03 12:00:00.000,540,45,2,True
51,2021-12-03 09:34:00.000,297,46,2,True
52,2021-11-01 17:39:00.000,553,47,2,True
53,2021-11-01 18:36:00.000,308,47,2,True
54,2021-12-03 08:46:00.000,742,48,2,True
55,2021-12-03 09:15:00.000,179,49,2,True
56,2021-12-09 11:53:00.000,190,50,3,True
57,2021-11-01 08:01:00.000,298,20,2,False
58,2021-12-03 10:33:00.000,404,40,2,True
59,2021-12-03 09:15:00.000,314,32,2,False
60,2021-12-03 09:36:00.000,179,51,2,True
61,2021-12-03 12:00:00.000,294,26,2,True
62,2021-11-04 08:16:00.000,350,52,3,True
63,2021-12-03 09:37:00.000,194,53,2,True
64,2021-12-03 08:02:00.000,179,45,2,False
65,2021-12-15 15:14:00.000,144,54,2,False
66,2021-12-03 08:46:00.000,416,51,2,True
67,2021-12-03 12:00:00.000,195,55,2,False
68,2021-12-03 10:16:00.000,360,56,2,True
69,2021-12-03 09:36:00.000,102,42,2,True
70,2021-12-03 08:01:00.000,427,57,2,True
71,2021-12-03 11:38:00.000,383,58,2,True
72,2021-12-03 09:36:00.000,383,59,2,False
73,2021-12-03 10:27:00.000,656,60,2,True
74,2021-12-03 11:06:00.000,610,60,2,True
75,2021-12-03 11:38:00.000,254,24,2,True
76,2021-12-03 11:06:00.000,160,58,2,True
77,2021-12-03 10:27:00.000,218,61,2,True
78,2021-11-24 12:16:00.000,353,62,3,False
79,2021-12-03 08:46:00.000,156,35,2,False
80,2021-12-09 14:21:00.000,239,63,3,False
81,2021-12-14 08:23:00.000,443,64,2,True
82,2021-12-03 11:39:00.000,174,65,2,False
83,2021-12-03 12:55:00.000,179,25,2,True
84,2021-12-03 11:06:00.000,232,66,2,False
85,2021-12-03 08:46:00.000,221,67,2,False
86,2021-12-03 12:55:00.000,262,68,2,False
87,2021-12-03 11:40:00.000,286,69,2,True
88,2021-12-03 11:06:00.000,140,55,2,False
89,2021-11-11 15:43:00.000,228,70,3,False
90,2021-12-03 10:51:00.000,405,34,2,True
91,2021-12-03 08:46:00.000,296,71,2,False
92,2021-11-22 09:12:00.000,145,72,3,False
93,2021-12-03 10:51:00.000,343,37,2,True
94,2021-12-03 08:47:00.000,230,73,2,True
95,2021-12-03 08:02:00.000,146,74,2,False
96,2021-12-03 12:04:00.000,201,37,2,True
97,2021-12-03 08:47:00.000,146,55,2,False
98,2021-12-03 11:40:00.000,347,75,2,True
99,2021-12-03 12:05:00.000,132,76,2,False
100,2021-12-03 10:28:00.000,166,77,2,False
101,2021-12-03 08:02:00.000,285,22,2,False
102,2021-11-19 10:38:00.000,273,78,3,True
103,2021-12-03 12:02:00.000,281,57,2,True
104,2021-12-03 12:55:00.000,465,79,2,True
105,2021-12-03 11:06:00.000,340,80,2,True
106,2021-12-03 10:51:00.000,195,35,2,False
107,2021-12-03 11:40:00.000,238,26,2,False
108,2021-12-03 08:02:00.000,189,81,2,True
109,2021-12-09 09:33:00.000,123,82,3,False
110,2021-11-18 17:37:00.000,118,83,3,False
111,2021-12-14 10:24:00.000,305,84,2,False
112,2021-12-03 08:03:00.000,411,85,2,False
113,2021-12-09 08:48:00.000,169,86,3,True
114,2021-12-03 10:53:00.000,448,46,2,True
115,2021-12-02 19:58:00.000,275,87,1,False
116,2021-12-03 09:45:00.000,268,88,2,True
117,2021-12-03 09:45:00.000,330,89,2,True
118,2021-12-03 08:29:00.000,240,90,2,True
119,2021-12-03 08:03:00.000,301,91,2,False
120,2021-12-13 16:05:00.000,237,92,2,True
121,2021-12-03 08:03:00.000,232,49,2,True
122,2021-12-02 19:56:00.000,207,93,3,False
123,2021-12-02 19:57:00.000,457,94,3,False
124,2021-12-02 19:57:00.000,391,95,1,False
125,2021-12-03 08:03:00.000,309,96,2,True
126,2021-12-03 08:03:00.000,115,97,2,False
127,2021-12-03 08:04:00.000,158,86,3,True
128,2021-12-03 08:04:00.000,233,98,3,True
129,2021-12-03 08:05:00.000,232,77,2,False
130,2021-12-03 09:45:00.000,267,91,2,True
131,2021-12-03 12:06:00.000,268,33,2,False
132,2021-12-03 08:29:00.000,216,99,2,True
133,2021-12-02 20:10:00.000,178,100,1,True
134,2021-12-03 10:53:00.000,457,101,2,False
135,2021-12-03 09:44:00.000,532,102,2,True
136,2021-12-02 20:13:00.000,492,103,3,True
137,2021-12-03 08:04:00.000,1099,16,3,True
138,2021-12-02 20:11:00.000,114,104,3,False
139,2021-12-02 20:12:00.000,260,105,3,True
140,2021-12-02 20:17:00.000,225,106,3,False
141,2021-12-02 20:14:00.000,206,100,1,True
142,2021-12-02 20:19:00.000,1139,107,3,False
143,2021-12-03 12:57:00.000,165,108,2,False
144,2021-12-03 09:43:00.000,367,41,2,False
145,2021-12-02 20:19:00.000,120,109,3,True
146,2021-12-02 20:19:00.000,698,110,1,True
147,2021-12-02 20:22:00.000,277,111,3,False
148,2021-12-03 08:03:00.000,220,40,2,False
149,2021-12-02 20:24:00.000,447,112,3,False
150,2021-12-03 10:54:00.000,324,91,2,False
151,2021-12-03 11:07:00.000,151,90,2,False
152,2021-12-02 20:35:00.000,238,113,3,True
153,2021-12-03 08:47:00.000,126,45,2,False
154,2021-12-02 09:23:00.000,538,114,3,False
155,2021-12-03 12:57:00.000,224,115,2,False
156,2021-12-02 20:22:00.000,212,116,3,True
157,2021-12-02 09:22:00.000,240,117,3,False
158,2021-12-03 08:04:00.000,146,118,3,True
159,2021-12-03 09:43:00.000,408,90,2,True
160,2021-12-02 20:23:00.000,195,119,1,False
161,2021-12-02 09:24:00.000,104,120,1,False
162,2021-12-02 20:30:00.000,174,121,3,False
163,2021-12-03 08:00:00.000,149,67,2,False
164,2021-12-03 08:01:00.000,229,90,2,False
165,2021-12-03 08:04:00.000,322,122,3,True
166,2021-12-03 11:07:00.000,118,43,2,False
167,2021-12-02 09:47:00.000,212,123,3,True
168,2021-12-03 08:01:00.000,190,124,2,True
169,2021-12-02 09:51:00.000,364,125,3,True
170,2021-12-02 09:22:00.000,562,126,3,False
171,2021-12-02 09:51:00.000,237,127,1,False
172,2021-12-02 09:51:00.000,192,128,1,True
173,2021-12-02 09:23:00.000,407,129,3,True
174,2021-12-03 08:01:00.000,266,80,2,True
175,2021-12-02 09:25:00.000,177,130,3,False
176,2021-12-02 20:37:00.000,316,131,3,True
177,2021-12-03 08:02:00.000,422,25,2,True
178,2021-12-03 12:07:00.000,102,132,2,False
179,2021-12-03 08:01:00.000,201,77,2,False
180,2021-12-03 10:28:00.000,460,91,2,False
181,2021-12-02 10:26:00.000,286,133,3,False
182,2021-12-03 08:01:00.000,796,101,2,False
183,2021-12-02 10:26:00.000,124,129,3,False
184,2021-12-03 08:02:00.000,343,134,3,True
185,2021-12-02 10:26:00.000,383,135,1,True
186,2021-12-03 08:01:00.000,401,34,2,True
187,2021-12-03 11:41:00.000,825,136,2,True
188,2021-12-02 09:51:00.000,684,137,3,True
189,2021-12-02 10:31:00.000,237,138,3,True
190,2021-12-02 09:51:00.000,104,123,3,False
191,2021-12-02 09:51:00.000,463,139,1,True
192,2021-12-02 10:31:00.000,294,140,1,False
193,2021-12-02 10:32:00.000,331,135,1,True
194,2021-12-02 10:33:00.000,394,141,3,True
195,2021-12-02 09:51:00.000,770,142,1,False
196,2021-12-02 10:33:00.000,337,143,1,False
197,2021-12-02 10:34:00.000,523,144,3,False
198,2021-12-03 08:01:00.000,750,18,2,True
199,2021-12-03 08:01:00.000,125,86,3,True
200,2021-12-02 10:34:00.000,176,145,3,False
201,2021-12-02 10:34:00.000,1059,146,3,False
202,2021-12-03 08:03:00.000,273,59,2,True
203,2021-12-03 08:02:00.000,310,147,3,True
204,2021-12-03 08:03:00.000,114,148,3,False
205,2021-12-02 10:26:00.000,377,149,3,True
206,2021-12-02 10:36:00.000,513,126,3,True
207,2021-12-02 10:37:00.000,160,150,3,False
208,2021-12-02 10:26:00.000,239,151,3,False
209,2021-12-02 10:37:00.000,192,152,3,False
210,2021-12-02 10:38:00.000,401,153,1,True
211,2021-12-02 10:38:00.000,304,154,3,True
212,2021-12-02 10:31:00.000,320,155,3,False
213,2021-12-02 10:32:00.000,232,156,1,True
214,2021-12-02 10:33:00.000,142,117,3,False
215,2021-12-03 08:02:00.000,285,157,3,True
216,2021-12-03 10:54:00.000,412,115,2,True
217,2021-12-02 10:34:00.000,179,154,3,True
218,2021-12-02 10:34:00.000,230,151,3,True
219,2021-12-02 10:35:00.000,412,149,3,False
220,2021-12-02 10:37:00.000,371,158,3,True
221,2021-12-02 10:40:00.000,384,159,1,True
222,2021-12-02 10:40:00.000,233,160,3,True
223,2021-12-02 10:38:00.000,307,161,3,False
224,2021-12-02 10:41:00.000,264,162,3,True
225,2021-12-02 10:42:00.000,574,149,3,False
226,2021-12-02 10:38:00.000,433,163,3,True
227,2021-12-02 10:42:00.000,465,164,3,False
228,2021-12-02 10:43:00.000,292,165,1,False
229,2021-12-02 10:43:00.000,214,166,3,False
230,2021-12-02 10:44:00.000,234,150,3,True
231,2021-12-02 11:07:00.000,421,167,3,True
232,2021-12-03 08:03:00.000,530,168,2,True
233,2021-12-02 10:44:00.000,236,169,3,False
234,2021-12-02 10:45:00.000,249,123,3,True
235,2021-12-02 10:45:00.000,479,170,3,True
236,2021-12-02 10:45:00.000,198,171,3,False
237,2021-12-02 10:46:00.000,149,172,3,True
238,2021-12-02 10:46:00.000,280,173,1,False
239,2021-12-02 10:49:00.000,725,174,3,True
240,2021-12-02 10:50:00.000,393,141,3,True
241,2021-12-02 10:50:00.000,291,175,3,True
242,2021-12-02 10:51:00.000,281,114,3,True
243,2021-12-02 10:53:00.000,203,176,1,True
244,2021-12-02 10:54:00.000,127,177,3,True
245,2021-12-03 08:03:00.000,228,32,2,True
246,2021-12-02 11:41:00.000,137,178,1,False
247,2021-12-02 11:08:00.000,880,129,3,True
248,2021-12-02 11:44:00.000,3604,179,1,True
249,2021-12-03 12:57:00.000,299,85,2,True
250,2021-12-03 12:07:00.000,637,48,2,True
251,2021-12-02 11:29:00.000,194,154,3,True
252,2021-12-02 11:30:00.000,334,130,3,False
253,2021-12-02 11:31:00.000,378,152,3,True
254,2021-12-02 11:32:00.000,247,129,3,True
255,2021-12-02 10:45:00.000,304,163,3,False
256,2021-12-03 08:03:00.000,234,132,2,True
257,2021-12-02 10:46:00.000,1437,126,3,True
258,2021-12-02 10:48:00.000,181,180,3,True
259,2021-12-02 11:33:00.000,812,181,3,True
260,2021-12-02 10:48:00.000,499,152,3,False
261,2021-12-02 10:50:00.000,359,161,3,False
262,2021-12-02 11:36:00.000,166,172,3,False
263,2021-12-02 11:37:00.000,185,141,3,True
264,2021-12-02 11:38:00.000,374,114,3,True
265,2021-12-02 10:53:00.000,91,182,1,False
266,2021-12-03 08:04:00.000,104,183,2,False
267,2021-12-02 11:40:00.000,735,174,3,False
268,2021-12-02 11:40:00.000,7321,184,1,True
269,2021-12-02 11:05:00.000,519,125,3,True
270,2021-12-02 11:42:00.000,220,162,3,True
271,2021-12-02 11:07:00.000,357,185,1,True
272,2021-12-02 11:29:00.000,340,186,3,True
273,2021-12-02 11:30:00.000,137,187,3,False
274,2021-12-02 11:44:00.000,414,188,3,False
275,2021-12-02 11:30:00.000,294,189,3,False
276,2021-12-02 11:32:00.000,674,138,3,True
277,2021-12-02 11:34:00.000,167,190,1,True
278,2021-12-02 11:37:00.000,401,158,3,True
279,2021-12-02 11:45:00.000,7266,191,1,True
280,2021-12-02 11:46:00.000,363,192,3,False
281,2021-12-02 11:39:00.000,306,170,3,True
282,2021-12-02 11:40:00.000,289,177,3,True
283,2021-12-03 08:04:00.000,426,68,2,False
284,2021-12-02 11:53:00.000,297,149,3,False
285,2021-12-03 08:04:00.000,281,102,2,True
286,2021-12-02 11:55:00.000,241,172,3,False
287,2021-12-02 11:56:00.000,225,171,3,False
288,2021-12-02 11:45:00.000,347,193,3,True
289,2021-12-02 11:58:00.000,275,138,3,True
290,2021-12-02 11:46:00.000,283,152,3,True
291,2021-12-02 12:01:00.000,178,125,3,True
292,2021-12-02 11:47:00.000,727,130,3,True
293,2021-12-02 12:01:00.000,250,188,3,False
294,2021-12-02 11:48:00.000,241,133,3,False
295,2021-12-02 11:49:00.000,257,125,3,True
296,2021-12-03 08:03:00.000,366,194,3,True
297,2021-12-02 12:06:00.000,477,160,3,True
298,2021-12-02 12:06:00.000,3625,195,1,True
299,2021-12-02 12:08:00.000,146,180,3,True
300,2021-12-03 08:04:00.000,394,60,2,True
301,2021-12-02 12:26:00.000,200,196,1,False
302,2021-12-02 11:52:00.000,3630,120,1,True
303,2021-12-02 12:09:00.000,261,166,3,False
304,2021-12-03 08:03:00.000,140,197,3,False
305,2021-12-03 08:03:00.000,792,198,3,True
306,2021-12-02 12:17:00.000,3657,199,1,True
307,2021-12-02 11:53:00.000,437,188,3,True
308,2021-12-02 11:56:00.000,517,164,3,True
309,2021-12-02 11:58:00.000,128,141,3,False
310,2021-12-02 12:18:00.000,257,148,3,False
311,2021-12-02 12:00:00.000,267,114,3,True
312,2021-12-02 12:21:00.000,379,170,3,True
313,2021-12-02 12:00:00.000,257,200,3,True
314,2021-12-02 12:22:00.000,150,150,3,True
315,2021-12-02 12:23:00.000,3660,201,1,True
316,2021-12-02 12:05:00.000,91,202,1,False
317,2021-12-02 12:07:00.000,144,186,3,False
318,2021-12-03 08:03:00.000,258,203,3,True
319,2021-12-03 08:03:00.000,221,204,3,False
320,2021-12-02 12:10:00.000,230,186,3,False
321,2021-12-02 12:11:00.000,911,205,3,True
322,2021-12-02 12:18:00.000,190,141,3,True
323,2021-12-02 12:30:00.000,187,206,3,False
324,2021-12-02 12:31:00.000,234,148,3,True
325,2021-12-02 12:34:00.000,143,188,3,True
326,2021-12-02 12:37:00.000,166,50,3,True
327,2021-12-03 09:42:00.000,194,35,2,False
328,2021-12-02 12:38:00.000,4827,207,1,True
329,2021-12-02 12:19:00.000,252,151,3,True
330,2021-12-02 12:20:00.000,610,208,3,False
331,2021-12-02 12:22:00.000,167,164,3,True
332,2021-12-02 12:23:00.000,432,174,3,False
333,2021-12-02 12:23:00.000,626,193,3,False
334,2021-12-02 12:39:00.000,160,209,3,True
335,2021-12-02 12:41:00.000,191,150,3,True
336,2021-12-02 12:25:00.000,3660,210,1,True
337,2021-12-02 12:43:00.000,340,117,3,False
338,2021-12-02 12:44:00.000,150,177,3,False
339,2021-12-02 13:07:00.000,163,141,3,True
340,2021-12-02 13:25:00.000,172,165,1,False
341,2021-12-02 13:30:00.000,173,211,1,True
342,2021-12-02 13:30:00.000,554,212,1,True
343,2021-12-02 13:32:00.000,251,190,1,True
344,2021-12-02 12:28:00.000,246,213,1,True
345,2021-12-02 12:31:00.000,326,164,3,True
346,2021-12-02 13:32:00.000,7228,214,1,False
347,2021-12-02 13:35:00.000,264,215,1,True
348,2021-12-02 13:35:00.000,181,216,1,False
349,2021-12-02 13:40:00.000,240,129,3,False
350,2021-12-02 13:42:00.000,472,170,3,True
351,2021-12-02 12:34:00.000,421,217,3,False
352,2021-12-02 14:17:00.000,491,113,3,True
353,2021-12-02 12:37:00.000,222,150,3,False
354,2021-12-02 14:17:00.000,600,218,3,True
355,2021-12-03 09:42:00.000,128,219,2,False
356,2021-12-02 12:39:00.000,459,186,3,True
357,2021-12-02 12:39:00.000,2263,220,1,True
358,2021-12-02 13:43:00.000,303,144,3,True
359,2021-12-02 13:44:00.000,311,211,1,False
360,2021-12-02 13:50:00.000,181,221,1,True
361,2021-12-02 13:50:00.000,340,222,1,True
362,2021-12-02 12:41:00.000,2002,216,1,True
363,2021-12-03 08:29:00.000,348,51,2,True
364,2021-12-03 12:58:00.000,144,77,2,False
365,2021-12-02 13:07:00.000,109,50,3,False
366,2021-12-02 13:10:00.000,177,223,3,False
367,2021-12-02 13:52:00.000,145,177,3,False
368,2021-12-02 13:54:00.000,525,114,3,True
369,2021-12-02 13:14:00.000,167,224,1,True
370,2021-12-02 13:57:00.000,307,152,3,True
371,2021-12-02 13:27:00.000,213,177,3,True
372,2021-12-02 13:58:00.000,250,177,3,False
373,2021-12-02 13:59:00.000,177,167,3,True
374,2021-12-02 13:32:00.000,391,171,3,True
375,2021-12-02 13:33:00.000,180,225,1,True
376,2021-12-02 14:00:00.000,289,161,3,True
377,2021-12-02 14:00:00.000,143,172,3,False
378,2021-12-02 13:35:00.000,363,226,1,False
379,2021-12-02 14:00:00.000,203,227,1,False
380,2021-12-02 13:38:00.000,298,228,1,False
381,2021-12-02 13:40:00.000,227,229,1,False
382,2021-12-02 14:02:00.000,673,149,3,True
383,2021-12-02 13:42:00.000,668,117,3,False
384,2021-12-02 13:44:00.000,582,230,3,True
385,2021-12-02 14:06:00.000,253,158,3,True
386,2021-12-02 13:44:00.000,333,231,1,True
387,2021-12-02 13:48:00.000,548,135,1,True
388,2021-12-02 14:10:00.000,144,232,1,False
389,2021-12-02 14:12:00.000,364,166,3,False
390,2021-12-02 13:49:00.000,2702,233,1,False
391,2021-12-02 14:17:00.000,282,234,3,False
392,2021-12-02 14:20:00.000,227,112,3,True
393,2021-12-02 13:50:00.000,394,235,1,False
394,2021-12-02 14:20:00.000,164,162,3,False
395,2021-12-02 14:21:00.000,154,236,3,True
396,2021-12-02 14:19:00.000,670,207,1,True
397,2021-12-02 13:52:00.000,138,237,1,False
398,2021-12-02 14:20:00.000,323,238,3,False
399,2021-12-02 13:53:00.000,368,239,3,True
400,2021-12-02 13:54:00.000,226,240,1,True
401,2021-12-02 14:25:00.000,273,241,3,True
402,2021-12-02 13:55:00.000,170,128,1,False
403,2021-12-02 13:57:00.000,277,144,3,False
404,2021-12-02 13:58:00.000,154,188,3,True
405,2021-12-02 14:00:00.000,268,186,3,False
406,2021-12-02 14:26:00.000,606,109,3,True
407,2021-12-02 14:48:00.000,340,106,3,True
408,2021-12-02 14:00:00.000,274,171,3,False
409,2021-12-02 14:02:00.000,117,172,3,True
410,2021-12-02 14:02:00.000,280,188,3,False
411,2021-12-02 15:09:00.000,376,242,3,True
412,2021-12-02 14:04:00.000,485,154,3,True
413,2021-12-02 15:11:00.000,98,243,1,False
414,2021-12-02 15:15:00.000,216,244,1,False
415,2021-12-02 15:17:00.000,187,245,1,True
416,2021-12-02 15:24:00.000,112,246,3,True
417,2021-12-02 14:07:00.000,2707,247,1,True
418,2021-12-02 14:08:00.000,188,172,3,False
419,2021-12-02 15:25:00.000,172,248,1,False
420,2021-12-02 15:28:00.000,185,93,3,False
421,2021-12-02 14:09:00.000,1236,249,1,False
422,2021-12-02 14:12:00.000,323,158,3,True
423,2021-12-02 15:28:00.000,651,250,3,False
424,2021-12-02 15:30:00.000,324,113,3,True
425,2021-12-02 14:17:00.000,298,130,3,True
426,2021-12-02 14:17:00.000,154,238,3,False
427,2021-12-02 15:32:00.000,104,107,3,False
428,2021-12-02 16:40:00.000,201,251,3,False
429,2021-12-02 14:20:00.000,184,246,3,True
430,2021-12-02 16:41:00.000,744,107,3,False
431,2021-12-02 16:41:00.000,154,252,3,False
432,2021-12-02 14:20:00.000,363,104,3,True
433,2021-12-02 14:20:00.000,246,253,3,False
434,2021-12-02 16:43:00.000,416,112,3,True
435,2021-12-02 14:22:00.000,274,254,3,True
436,2021-12-02 14:23:00.000,553,103,3,True
437,2021-12-02 16:44:00.000,309,251,3,False
438,2021-12-02 16:44:00.000,132,3,1,False
439,2021-12-02 14:25:00.000,197,255,3,False
440,2021-12-02 14:25:00.000,347,256,3,True
441,2021-12-02 16:48:00.000,828,105,3,True
442,2021-12-02 14:27:00.000,252,251,3,True
443,2021-12-02 15:14:00.000,519,257,3,True
444,2021-12-03 09:42:00.000,168,97,2,False
445,2021-12-02 17:29:00.000,187,258,3,False
446,2021-12-02 17:28:00.000,535,255,3,False
447,2021-12-02 17:14:00.000,125,256,3,False
448,2021-12-02 17:15:00.000,128,258,3,False
449,2021-12-02 17:17:00.000,308,256,3,True
450,2021-12-02 17:19:00.000,478,259,3,True
451,2021-12-02 17:22:00.000,177,256,3,False
452,2021-12-02 17:23:00.000,188,260,3,True
453,2021-12-02 17:26:00.000,135,261,1,True
454,2021-12-02 17:29:00.000,144,121,3,False
455,2021-12-02 17:30:00.000,246,262,1,False
456,2021-12-02 17:33:00.000,163,263,1,False
457,2021-12-02 17:33:00.000,123,3,1,False
458,2021-12-02 17:35:00.000,107,256,3,False
459,2021-12-02 17:37:00.000,185,256,3,True
460,2021-12-02 17:42:00.000,339,264,3,True
461,2021-12-02 17:43:00.000,302,131,3,False
462,2021-12-02 15:15:00.000,312,255,3,True
463,2021-12-02 15:16:00.000,199,265,1,False
464,2021-12-02 15:17:00.000,859,266,1,True
465,2021-12-02 17:46:00.000,285,267,3,False
466,2021-12-02 17:48:00.000,319,268,3,False
467,2021-12-02 17:50:00.000,117,256,3,False
468,2021-12-02 15:18:00.000,294,269,3,True
469,2021-12-02 15:19:00.000,763,267,3,True
470,2021-12-02 17:56:00.000,138,257,3,False
471,2021-12-02 17:59:00.000,309,256,3,False
472,2021-12-02 18:02:00.000,192,131,3,False
473,2021-12-02 18:15:00.000,252,252,3,True
474,2021-12-02 15:23:00.000,289,270,1,True
475,2021-12-02 15:24:00.000,265,113,3,True
476,2021-12-02 18:17:00.000,122,271,3,False
477,2021-12-02 18:19:00.000,253,272,1,True
478,2021-12-02 15:25:00.000,715,131,3,True
479,2021-12-02 18:20:00.000,112,265,1,False
480,2021-12-02 18:24:00.000,604,273,3,True
481,2021-12-02 15:26:00.000,1097,274,3,True
482,2021-12-02 15:28:00.000,175,246,3,True
483,2021-12-02 18:26:00.000,276,275,3,True
484,2021-12-02 15:29:00.000,545,269,3,True
485,2021-12-02 18:27:00.000,94,269,3,False
486,2021-12-02 18:28:00.000,195,248,1,True
487,2021-12-02 15:30:00.000,485,112,3,True
488,2021-12-02 18:40:00.000,588,131,3,True
489,2021-12-02 18:41:00.000,134,276,3,False
490,2021-12-02 18:43:00.000,172,277,1,True
491,2021-12-02 18:49:00.000,141,252,3,False
492,2021-12-02 18:49:00.000,153,278,1,False
493,2021-12-02 18:53:00.000,269,252,3,True
494,2021-12-02 18:57:00.000,579,105,3,False
495,2021-12-02 18:57:00.000,301,3,1,True
496,2021-12-02 15:32:00.000,173,279,3,False
497,2021-12-02 16:47:00.000,422,267,3,False
498,2021-12-02 18:58:00.000,363,250,3,False
499,2021-12-02 16:42:00.000,257,280,3,True
500,2021-12-02 16:43:00.000,104,281,1,True
501,2021-12-02 18:58:00.000,104,282,1,True
502,2021-12-02 19:14:00.000,517,131,3,True
503,2021-12-02 16:44:00.000,572,131,3,True
504,2021-12-02 19:14:00.000,177,268,3,False
505,2021-12-02 19:15:00.000,279,283,3,True
506,2021-12-02 17:13:00.000,338,110,1,True
507,2021-12-02 19:16:00.000,471,269,3,True
508,2021-12-02 17:15:00.000,133,260,3,True
509,2021-12-02 17:15:00.000,172,284,1,False
510,2021-12-02 19:17:00.000,292,103,3,True
511,2021-12-02 17:17:00.000,331,103,3,True
512,2021-12-02 19:20:00.000,425,280,3,True
513,2021-12-02 17:17:00.000,262,285,1,False
514,2021-12-02 17:24:00.000,222,286,1,False
515,2021-12-02 17:28:00.000,542,259,3,False
516,2021-12-02 19:30:00.000,287,116,3,True
517,2021-12-02 17:28:00.000,166,271,3,True
518,2021-12-02 17:29:00.000,313,256,3,True
519,2021-12-03 08:47:00.000,226,91,2,False
520,2021-12-02 19:32:00.000,235,269,3,False
521,2021-12-02 17:33:00.000,103,260,3,True
522,2021-12-02 17:37:00.000,191,121,3,False
523,2021-12-02 19:32:00.000,100,287,1,False
524,2021-12-02 19:39:00.000,338,282,1,True
525,2021-12-02 17:33:00.000,241,288,1,True
526,2021-12-02 17:38:00.000,543,238,3,True
527,2021-12-02 17:39:00.000,213,246,3,True
528,2021-12-02 19:43:00.000,157,251,3,False
529,2021-12-02 19:43:00.000,164,103,3,False
530,2021-12-02 19:44:00.000,212,112,3,False
531,2021-12-03 08:04:00.000,180,289,2,False
532,2021-12-03 09:42:00.000,199,8,2,True
533,2021-12-03 08:48:00.000,345,219,2,True
534,2021-12-02 17:40:00.000,791,105,3,False
535,2021-12-03 09:42:00.000,235,75,2,True
536,2021-12-01 13:45:00.000,417,290,3,True
537,2021-12-03 12:58:00.000,209,55,2,True
538,2021-12-03 11:39:00.000,134,291,2,False
539,2021-12-02 17:50:00.000,362,255,3,True
540,2021-12-02 17:51:00.000,571,93,3,False
541,2021-12-03 08:30:00.000,294,77,2,False
542,2021-12-03 09:07:00.000,170,132,2,False
543,2021-12-03 08:48:00.000,192,292,2,False
544,2021-12-03 08:30:00.000,249,37,2,True
545,2021-11-29 13:19:00.000,364,293,3,False
546,2021-12-02 17:56:00.000,121,252,3,False
547,2021-12-02 17:59:00.000,321,218,3,False
548,2021-12-02 18:00:00.000,597,270,1,True
549,2021-12-02 18:03:00.000,334,260,3,True
550,2021-12-02 18:45:00.000,317,250,3,True
551,2021-12-02 18:17:00.000,201,294,1,True
552,2021-12-03 11:08:00.000,172,25,2,False
553,2021-12-03 08:07:00.000,190,295,2,False
554,2021-12-03 08:07:00.000,168,41,2,False
555,2021-12-03 12:09:00.000,319,90,2,False
556,2021-12-03 09:08:00.000,281,56,2,False
557,2021-12-03 08:31:00.000,267,40,2,True
558,2021-12-03 10:55:00.000,207,17,2,False
559,2021-12-03 08:31:00.000,219,45,2,True
560,2021-12-02 18:20:00.000,349,296,3,False
561,2021-12-02 18:23:00.000,300,297,3,True
562,2021-12-02 18:25:00.000,321,298,1,True
563,2021-12-02 18:26:00.000,307,299,1,False
564,2021-11-26 16:41:00.000,297,300,3,False
565,2021-12-03 08:49:00.000,777,301,2,True
566,2021-12-03 09:08:00.000,654,75,2,True
567,2021-12-03 08:32:00.000,212,73,2,False
568,2021-12-02 18:27:00.000,293,121,3,False
569,2021-12-02 18:28:00.000,308,238,3,True
570,2021-12-03 09:30:00.000,338,58,2,True
571,2021-12-03 11:08:00.000,495,24,2,True
572,2021-12-02 18:39:00.000,149,302,1,True
573,2021-12-02 18:41:00.000,564,303,3,False
574,2021-12-03 10:57:00.000,333,102,2,True
575,2021-12-03 09:09:00.000,95,65,2,False
576,2021-11-25 14:02:00.000,251,162,3,True
577,2021-12-03 08:06:00.000,413,133,3,False
578,2021-12-02 18:43:00.000,117,245,1,False
579,2021-12-03 08:23:00.000,249,147,3,False
580,2021-12-02 18:49:00.000,286,242,3,False
581,2021-12-02 18:49:00.000,165,264,3,True
582,2021-12-03 08:06:00.000,370,172,3,True
583,2021-12-02 18:49:00.000,252,246,3,False
584,2021-12-02 18:51:00.000,181,304,1,False
585,2021-12-02 19:20:00.000,332,236,3,False
586,2021-12-03 08:06:00.000,261,177,3,False
587,2021-12-03 08:06:00.000,348,305,3,False
588,2021-12-02 18:56:00.000,180,306,1,False
589,2021-12-02 18:58:00.000,486,244,1,True
590,2021-12-03 08:07:00.000,378,73,2,False
591,2021-12-02 19:14:00.000,126,103,3,False
592,2021-12-02 19:14:00.000,300,242,3,True
593,2021-12-02 19:16:00.000,647,279,3,False
594,2021-12-03 08:07:00.000,305,169,3,False
595,2021-12-02 19:16:00.000,227,307,1,False
596,2021-12-03 08:09:00.000,561,204,3,True
597,2021-12-02 19:21:00.000,409,308,3,False
598,2021-12-02 19:26:00.000,364,307,1,True
599,2021-12-02 19:24:00.000,458,268,3,True
600,2021-12-02 19:23:00.000,93,309,1,False
601,2021-12-03 08:32:00.000,121,67,2,False
602,2021-12-03 08:13:00.000,97,120,1,False
603,2021-12-03 08:14:00.000,308,149,3,True
604,2021-12-03 08:14:00.000,162,169,3,False
605,2021-12-03 08:14:00.000,232,98,3,True
606,2021-12-02 19:27:00.000,292,310,3,False
607,2021-12-02 19:31:00.000,185,251,3,True
608,2021-12-03 08:14:00.000,254,209,3,False
609,2021-12-02 19:31:00.000,432,308,3,True
610,2021-12-03 08:14:00.000,287,192,3,True
611,2021-12-02 19:33:00.000,360,268,3,True
612,2021-12-03 08:14:00.000,274,311,3,False
613,2021-12-03 08:14:00.000,629,82,3,True
614,2021-12-02 19:42:00.000,470,268,3,True
615,2021-12-03 08:14:00.000,250,86,3,True
616,2021-12-02 19:43:00.000,289,131,3,False
617,2021-12-02 19:44:00.000,350,93,3,True
618,2021-12-03 08:21:00.000,96,226,1,True
619,2021-12-03 08:23:00.000,289,152,3,True
620,2021-12-03 10:28:00.000,382,312,2,True
621,2021-12-03 09:07:00.000,344,91,2,True
622,2021-12-03 09:07:00.000,478,34,2,True
623,2021-12-02 19:54:00.000,318,308,3,True
624,2021-12-03 08:04:00.000,112,219,2,False
625,2021-12-03 08:04:00.000,244,69,2,True
626,2021-12-03 08:27:00.000,354,151,3,True
627,2021-12-03 08:28:00.000,709,160,3,False
628,2021-12-03 08:28:00.000,397,313,3,True
629,2021-12-03 08:48:00.000,194,37,2,False
630,2021-12-03 10:54:00.000,172,55,2,False
631,2021-12-03 12:07:00.000,403,51,2,True
632,2021-12-03 09:07:00.000,222,8,2,True
633,2021-11-30 20:19:00.000,145,314,1,False
634,2021-12-03 08:29:00.000,116,315,2,False
635,2021-12-03 08:29:00.000,114,58,2,True
636,2021-12-03 08:29:00.000,208,180,3,True
637,2021-12-03 08:30:00.000,212,65,2,True
638,2021-12-03 12:08:00.000,144,55,2,False
639,2021-12-03 09:08:00.000,302,68,2,True
640,2021-12-03 08:49:00.000,183,58,2,True
641,2021-12-03 08:29:00.000,249,152,3,True
642,2021-12-03 10:55:00.000,439,96,2,False
643,2021-12-03 12:08:00.000,248,316,2,True
644,2021-11-29 15:40:00.000,127,317,3,False
645,2021-12-03 09:37:00.000,267,68,2,True
646,2021-12-03 09:36:00.000,158,81,2,True
647,2021-12-03 08:49:00.000,167,55,2,False
648,2021-12-03 08:49:00.000,175,35,2,False
649,2021-12-03 08:29:00.000,553,204,3,True
650,2021-12-03 11:08:00.000,252,88,2,True
651,2021-11-26 13:43:00.000,282,290,3,True
652,2021-12-03 11:08:00.000,348,318,2,False
653,2021-12-03 10:56:00.000,170,43,2,True
654,2021-12-03 09:42:00.000,699,60,2,True
655,2021-11-26 19:36:00.000,159,319,3,False
656,2021-12-03 08:30:00.000,279,320,3,True
657,2021-12-03 10:56:00.000,269,67,2,True
658,2021-12-03 08:32:00.000,173,321,2,True
659,2021-12-03 09:09:00.000,91,58,2,False
660,2021-11-27 16:57:00.000,205,322,3,True
661,2021-12-03 08:30:00.000,173,135,1,False
662,2021-12-03 08:31:00.000,133,323,3,True
663,2021-12-03 08:31:00.000,134,209,3,True
664,2021-12-03 08:31:00.000,297,324,3,False
665,2021-11-25 18:34:00.000,238,325,3,True
666,2021-12-03 08:31:00.000,171,86,3,True
667,2021-12-03 08:06:00.000,264,141,3,False
668,2021-12-03 08:32:00.000,845,293,3,True
669,2021-12-03 08:06:00.000,139,326,1,False
670,2021-12-03 08:06:00.000,294,327,3,False
671,2021-12-03 08:06:00.000,240,78,3,False
672,2021-12-03 08:32:00.000,237,177,3,False
673,2021-12-03 08:32:00.000,824,122,3,True
674,2021-12-03 08:07:00.000,144,61,2,False
675,2021-12-03 08:07:00.000,1278,136,2,True
676,2021-12-03 08:33:00.000,433,289,2,True
677,2021-12-03 08:33:00.000,159,46,2,False
678,2021-12-03 08:35:00.000,126,328,3,True
679,2021-12-03 08:35:00.000,3627,329,1,True
680,2021-12-03 08:07:00.000,118,162,3,False
681,2021-12-03 08:09:00.000,648,160,3,True
682,2021-12-03 08:09:00.000,119,330,3,False
683,2021-12-03 08:09:00.000,215,331,3,False
684,2021-12-03 08:10:00.000,371,332,3,True
685,2021-12-03 08:10:00.000,3656,185,1,True
686,2021-12-03 08:36:00.000,268,147,3,True
687,2021-12-03 08:36:00.000,269,238,3,True
688,2021-12-03 08:36:00.000,571,209,3,False
689,2021-12-03 08:36:00.000,299,333,3,True
690,2021-12-03 08:37:00.000,188,334,3,True
691,2021-12-03 09:09:00.000,119,80,2,False
692,2021-12-03 08:38:00.000,398,239,3,True
693,2021-12-03 08:39:00.000,197,129,3,False
694,2021-12-03 08:14:00.000,308,171,3,True
695,2021-12-03 08:39:00.000,382,335,3,True
696,2021-12-03 08:14:00.000,330,327,3,True
697,2021-12-03 08:40:00.000,416,174,3,False
698,2021-12-03 08:14:00.000,869,189,3,False
699,2021-12-03 08:40:00.000,291,186,3,False
700,2021-12-03 08:14:00.000,370,118,3,False
701,2021-12-03 08:40:00.000,397,98,3,True
702,2021-12-03 08:25:00.000,155,59,2,False
703,2021-12-03 08:45:00.000,431,57,2,True
704,2021-12-03 08:40:00.000,110,336,3,False
705,2021-12-03 08:40:00.000,267,337,1,True
706,2021-12-03 08:27:00.000,216,175,3,True
707,2021-12-03 08:28:00.000,324,114,3,True
708,2021-12-03 08:28:00.000,194,171,3,False
709,2021-12-03 08:41:00.000,270,152,3,True
710,2021-12-03 08:41:00.000,357,240,1,False
711,2021-12-03 08:28:00.000,266,134,3,True
712,2021-12-03 08:28:00.000,318,223,3,True
713,2021-12-03 08:45:00.000,158,338,2,False
714,2021-12-03 08:46:00.000,908,147,3,True
715,2021-12-03 08:29:00.000,261,60,2,True
716,2021-12-03 08:29:00.000,365,41,2,False
717,2021-12-03 08:29:00.000,434,170,3,True
718,2021-12-03 08:46:00.000,292,339,3,True
719,2021-12-03 08:30:00.000,190,46,2,False
720,2021-12-03 08:30:00.000,416,340,3,True
721,2021-12-03 08:30:00.000,359,239,3,False
722,2021-12-03 08:30:00.000,175,328,3,True
723,2021-12-03 08:30:00.000,150,341,1,True
724,2021-12-03 08:46:00.000,424,342,3,True
725,2021-12-03 08:31:00.000,240,91,2,False
726,2021-12-03 08:31:00.000,136,311,3,True
727,2021-12-03 08:31:00.000,127,343,3,False
728,2021-12-03 08:47:00.000,704,16,3,False
729,2021-12-03 09:07:00.000,319,77,2,False
730,2021-12-03 08:48:00.000,183,68,2,True
731,2021-12-03 08:48:00.000,278,203,3,False
732,2021-12-03 08:49:00.000,282,61,2,False
733,2021-12-03 09:08:00.000,239,344,2,False
734,2021-12-03 08:49:00.000,371,345,1,False
735,2021-12-03 08:32:00.000,317,301,2,True
736,2021-12-03 08:50:00.000,240,320,3,False
737,2021-12-03 08:32:00.000,327,133,3,False
738,2021-12-03 08:50:00.000,352,330,3,True
739,2021-12-03 08:32:00.000,352,327,3,True
740,2021-12-03 08:33:00.000,438,136,2,True
741,2021-12-03 08:32:00.000,311,222,1,False
742,2021-12-03 08:50:00.000,157,333,3,False
743,2021-12-03 08:50:00.000,3038,329,1,True
744,2021-12-03 08:33:00.000,174,81,2,False
745,2021-12-03 08:33:00.000,206,180,3,True
746,2021-12-03 08:35:00.000,388,346,3,True
747,2021-12-03 08:36:00.000,195,172,3,False
748,2021-12-03 08:36:00.000,103,347,3,False
749,2021-12-03 08:36:00.000,372,138,3,True
750,2021-12-03 08:36:00.000,554,348,3,False
751,2021-12-03 08:36:00.000,183,349,3,False
752,2021-12-03 08:36:00.000,263,350,3,False
753,2021-12-03 08:51:00.000,159,351,3,False
754,2021-12-03 08:52:00.000,255,144,3,True
755,2021-12-03 08:36:00.000,726,352,1,False
756,2021-12-03 08:52:00.000,251,123,3,True
757,2021-12-03 08:37:00.000,297,189,3,False
758,2021-12-03 08:37:00.000,987,324,3,True
759,2021-12-03 08:52:00.000,494,125,3,True
760,2021-12-03 08:52:00.000,252,163,3,True
761,2021-12-03 08:52:00.000,240,353,3,True
762,2021-12-03 08:38:00.000,508,161,3,False
763,2021-12-03 08:53:00.000,127,354,3,True
764,2021-12-03 08:53:00.000,108,327,3,False
765,2021-12-03 08:53:00.000,301,355,3,True
766,2021-12-03 08:53:00.000,343,311,3,True
767,2021-12-03 08:54:00.000,532,219,2,True
768,2021-12-03 08:39:00.000,227,356,3,False
769,2021-12-03 08:39:00.000,429,313,3,True
770,2021-12-03 08:54:00.000,380,357,2,True
771,2021-12-03 08:40:00.000,198,141,3,False
772,2021-12-03 08:54:00.000,270,149,3,True
773,2021-12-03 08:40:00.000,159,358,3,False
774,2021-12-03 08:40:00.000,176,359,1,True
775,2021-12-03 08:55:00.000,133,45,2,False
776,2021-12-03 08:55:00.000,373,69,2,True
777,2021-12-03 08:55:00.000,152,43,2,True
778,2021-12-03 08:41:00.000,186,171,3,False
779,2021-12-03 08:57:00.000,195,172,3,False
780,2021-12-03 08:41:00.000,1129,118,3,False
781,2021-12-03 08:57:00.000,176,339,3,False
782,2021-12-03 08:58:00.000,326,293,3,True
783,2021-12-03 08:45:00.000,354,60,2,False
784,2021-12-03 08:45:00.000,213,333,3,True
785,2021-12-03 08:58:00.000,394,123,3,True
786,2021-12-03 08:45:00.000,343,142,1,False
787,2021-12-03 08:58:00.000,184,360,3,False
788,2021-12-03 08:46:00.000,339,346,3,True
789,2021-12-03 08:58:00.000,301,361,3,True
790,2021-12-20 19:27:00.000,163,362,2,True
791,2021-12-03 08:46:00.000,135,356,3,False
792,2021-12-03 08:58:00.000,589,230,3,False
793,2021-12-03 08:58:00.000,156,122,3,False
794,2021-12-03 08:49:00.000,207,197,3,True
795,2021-12-03 08:47:00.000,319,363,3,True
796,2021-12-03 08:47:00.000,193,122,3,True
797,2021-12-03 08:59:00.000,185,16,3,False
798,2021-12-03 08:59:00.000,199,364,3,False
799,2021-12-03 08:49:00.000,286,49,2,False
800,2021-12-03 09:00:00.000,174,234,3,False
801,2021-12-03 09:00:00.000,265,365,3,True
802,2021-12-03 08:48:00.000,156,150,3,False
803,2021-12-03 09:00:00.000,96,334,3,False
804,2021-12-03 09:00:00.000,458,342,3,True
805,2021-12-03 09:01:00.000,502,366,3,True
806,2021-12-03 08:50:00.000,110,26,2,False
807,2021-12-03 08:50:00.000,271,133,3,True
808,2021-12-03 09:02:00.000,395,149,3,True
809,2021-12-03 09:02:00.000,269,167,3,True
810,2021-12-03 08:51:00.000,250,122,3,True
811,2021-12-03 09:02:00.000,247,333,3,True
812,2021-12-03 09:06:00.000,445,123,3,True
813,2021-12-03 08:51:00.000,123,86,3,True
814,2021-12-03 08:52:00.000,452,114,3,True
815,2021-12-03 08:52:00.000,548,148,3,True
816,2021-12-03 08:52:00.000,200,172,3,True
817,2021-12-03 09:06:00.000,121,367,3,False
818,2021-12-03 08:52:00.000,266,368,3,True
819,2021-12-03 08:52:00.000,172,365,3,False
820,2021-12-03 09:07:00.000,225,290,3,False
821,2021-12-03 08:53:00.000,658,174,3,True
822,2021-12-03 09:08:00.000,119,124,2,False
823,2021-12-03 08:53:00.000,124,129,3,False
824,2021-12-03 08:53:00.000,262,167,3,True
825,2021-12-03 09:08:00.000,309,234,3,False
826,2021-12-03 09:08:00.000,604,231,1,True
827,2021-12-03 08:53:00.000,130,369,3,False
828,2021-12-03 08:54:00.000,546,97,2,False
829,2021-12-03 08:54:00.000,310,162,3,False
830,2021-12-03 08:54:00.000,461,370,3,True
831,2021-12-03 09:10:00.000,172,371,2,False
832,2021-12-03 09:09:00.000,114,372,1,False
833,2021-12-03 08:54:00.000,328,200,3,True
834,2021-12-03 09:10:00.000,591,85,2,True
835,2021-12-03 08:54:00.000,301,373,3,True
836,2021-12-03 09:10:00.000,167,172,3,True
837,2021-12-03 08:55:00.000,327,91,2,False
838,2021-12-03 09:10:00.000,211,374,3,False
839,2021-12-03 09:10:00.000,152,375,3,True
840,2021-12-03 08:55:00.000,318,59,2,False
841,2021-12-03 08:57:00.000,294,141,3,True
842,2021-12-03 09:29:00.000,115,67,2,False
843,2021-12-03 09:29:00.000,940,161,3,False
844,2021-12-03 09:12:00.000,364,376,2,True
845,2021-12-03 08:58:00.000,876,158,3,True
846,2021-12-03 09:12:00.000,169,81,2,True
847,2021-12-03 09:12:00.000,284,187,3,False
848,2021-12-03 09:13:00.000,268,15,2,True
849,2021-12-03 08:58:00.000,179,171,3,False
850,2021-12-03 08:58:00.000,384,363,3,False
851,2021-12-03 08:58:00.000,246,351,3,False
852,2021-12-03 09:13:00.000,143,124,2,False
853,2021-12-03 09:13:00.000,798,59,2,False
854,2021-12-03 08:59:00.000,371,160,3,True
855,2021-12-03 09:13:00.000,343,170,3,True
856,2021-12-03 09:13:00.000,133,205,3,False
857,2021-12-03 08:59:00.000,212,331,3,False
858,2021-12-03 09:00:00.000,197,209,3,True
859,2021-12-03 09:00:00.000,243,200,3,True
860,2021-12-03 09:14:00.000,185,76,2,False
861,2021-12-03 09:14:00.000,1119,40,2,True
862,2021-12-03 09:00:00.000,381,146,3,False
863,2021-12-03 09:01:00.000,234,150,3,False
864,2021-12-03 09:14:00.000,1119,147,3,True
865,2021-12-03 09:01:00.000,276,122,3,True
866,2021-12-03 09:02:00.000,292,166,3,True
867,2021-12-03 09:02:00.000,214,358,3,False
868,2021-12-03 09:14:00.000,263,339,3,False
869,2021-12-03 09:05:00.000,105,324,3,False
870,2021-12-03 09:14:00.000,164,377,1,False
871,2021-12-03 09:14:00.000,697,378,1,True
872,2021-12-03 09:06:00.000,814,379,3,True
873,2021-12-03 09:06:00.000,407,98,3,False
874,2021-12-03 09:15:00.000,375,219,2,True
875,2021-12-03 09:15:00.000,227,91,2,False
876,2021-12-03 09:15:00.000,244,148,3,True
877,2021-12-03 09:08:00.000,231,144,3,True
878,2021-12-03 09:08:00.000,177,97,2,False
879,2021-12-03 09:07:00.000,316,152,3,True
880,2021-12-03 09:19:00.000,417,114,3,True
881,2021-12-03 09:09:00.000,422,18,2,True
882,2021-12-03 09:19:00.000,207,365,3,False
883,2021-12-03 09:20:00.000,197,380,3,True
884,2021-12-03 09:20:00.000,108,232,1,False
885,2021-12-03 09:08:00.000,332,200,3,False
886,2021-12-03 09:21:00.000,286,239,3,False
887,2021-12-03 09:08:00.000,194,189,3,False
888,2021-12-03 09:08:00.000,229,331,3,False
889,2021-12-03 09:21:00.000,270,381,3,False
890,2021-12-03 09:21:00.000,387,143,1,True
891,2021-12-03 09:09:00.000,274,230,3,True
892,2021-12-03 09:09:00.000,531,134,3,False
893,2021-12-03 09:22:00.000,151,169,3,True
894,2021-12-03 09:22:00.000,346,192,3,True
895,2021-12-03 09:10:00.000,260,219,2,True
896,2021-12-03 09:09:00.000,292,369,3,False
897,2021-12-03 09:22:00.000,271,369,3,True
898,2021-12-03 09:10:00.000,141,357,2,False
899,2021-12-03 09:22:00.000,114,204,3,False
900,2021-12-03 09:23:00.000,199,122,3,False
901,2021-12-03 09:23:00.000,188,78,3,True
902,2021-12-03 09:10:00.000,265,175,3,True
903,2021-12-03 09:30:00.000,98,133,3,False
904,2021-12-03 09:10:00.000,701,207,1,True
905,2021-12-03 09:23:00.000,921,135,1,False
906,2021-12-03 09:11:00.000,149,141,3,False
907,2021-12-03 09:12:00.000,210,382,2,True
908,2021-12-03 09:11:00.000,216,343,3,True
909,2021-12-03 09:24:00.000,172,177,3,True
910,2021-12-03 09:24:00.000,165,134,3,False
911,2021-12-03 09:12:00.000,817,60,2,True
912,2021-12-03 09:25:00.000,299,144,3,True
913,2021-12-03 09:12:00.000,272,192,3,False
914,2021-12-03 09:25:00.000,116,206,3,False
915,2021-12-03 09:26:00.000,337,114,3,True
916,2021-12-03 09:26:00.000,205,138,3,True
917,2021-12-03 09:12:00.000,662,349,3,True
918,2021-12-03 09:28:00.000,179,86,3,True
919,2021-12-03 09:28:00.000,304,383,3,True
920,2021-12-03 09:13:00.000,242,25,2,True
921,2021-12-03 09:28:00.000,199,384,1,False
922,2021-12-03 09:13:00.000,211,90,2,True
923,2021-12-03 09:13:00.000,116,385,2,False
924,2021-12-03 09:14:00.000,195,344,2,True
925,2021-12-03 09:30:00.000,179,188,3,True
926,2021-12-03 09:30:00.000,440,32,2,False
927,2021-12-03 09:29:00.000,458,98,3,True
928,2021-12-03 09:14:00.000,307,371,2,True
929,2021-12-03 09:14:00.000,736,327,3,True
930,2021-12-03 09:14:00.000,238,333,3,True
931,2021-12-03 09:30:00.000,420,320,3,True
932,2021-12-03 09:14:00.000,164,229,1,False
933,2021-12-03 09:15:00.000,454,73,2,False
934,2021-12-03 09:30:00.000,189,335,3,False
935,2021-12-03 09:30:00.000,353,332,3,True
936,2021-12-03 09:15:00.000,214,37,2,True
937,2021-12-03 09:15:00.000,325,96,2,False
938,2021-12-03 09:32:00.000,1233,313,3,True
939,2021-12-03 09:33:00.000,228,183,2,False
940,2021-12-03 09:15:00.000,250,163,3,True
941,2021-12-03 09:15:00.000,184,209,3,False
942,2021-12-03 09:34:00.000,287,173,1,True
943,2021-12-03 09:34:00.000,256,386,2,True
944,2021-12-03 09:34:00.000,246,180,3,False
945,2021-12-03 09:35:00.000,341,18,2,True
946,2021-12-03 09:18:00.000,137,343,3,True
947,2021-12-03 09:19:00.000,337,129,3,True
948,2021-12-03 09:19:00.000,145,167,3,True
949,2021-12-03 09:19:00.000,519,223,3,True
950,2021-12-03 09:35:00.000,314,41,2,False
951,2021-12-03 09:35:00.000,128,341,1,True
952,2021-12-03 09:36:00.000,161,295,2,False
953,2021-12-03 09:36:00.000,255,75,2,False
954,2021-12-03 09:20:00.000,1107,82,3,False
955,2021-12-03 09:36:00.000,199,387,3,False
956,2021-12-03 09:36:00.000,445,388,3,True
957,2021-12-03 09:36:00.000,438,204,3,True
958,2021-12-03 09:37:00.000,189,347,3,True
959,2021-12-03 09:37:00.000,213,361,3,True
960,2021-12-03 09:21:00.000,246,138,3,True
961,2021-12-03 09:38:00.000,456,160,3,True
962,2021-12-03 09:21:00.000,231,388,3,True
963,2021-12-03 09:22:00.000,143,123,3,False
964,2021-12-03 09:22:00.000,211,339,3,True
965,2021-12-03 09:38:00.000,142,167,3,True
966,2021-12-03 09:22:00.000,158,333,3,False
967,2021-12-03 09:23:00.000,152,365,3,False
968,2021-12-03 09:23:00.000,420,118,3,True
969,2021-12-03 09:23:00.000,940,185,1,False
970,2021-12-03 09:38:00.000,114,223,3,False
971,2021-12-03 09:40:00.000,172,172,3,False
972,2021-12-03 09:40:00.000,158,311,3,False
973,2021-12-03 09:50:00.000,226,333,3,False
974,2021-12-03 09:24:00.000,170,162,3,False
975,2021-12-03 09:42:00.000,93,81,2,False
976,2021-12-03 09:42:00.000,325,339,3,False
977,2021-12-03 09:24:00.000,294,123,3,True
978,2021-12-03 09:42:00.000,345,383,3,False
979,2021-12-03 09:24:00.000,132,167,3,False
980,2021-12-03 09:25:00.000,382,152,3,True
981,2021-12-03 09:43:00.000,462,152,3,True
982,2021-12-03 09:25:00.000,125,120,1,False
983,2021-12-03 09:26:00.000,298,171,3,True
984,2021-12-03 09:43:00.000,165,122,3,False
985,2021-12-03 09:28:00.000,383,342,3,True
986,2021-12-03 09:43:00.000,402,331,3,False
987,2021-12-03 09:43:00.000,132,389,1,False
988,2021-12-03 09:44:00.000,778,59,2,False
989,2021-12-03 09:44:00.000,286,186,3,False
990,2021-12-03 09:44:00.000,496,238,3,False
991,2021-12-03 09:28:00.000,93,390,1,False
992,2021-12-03 09:45:00.000,96,43,2,False
993,2021-12-03 09:45:00.000,94,315,2,False
994,2021-12-03 09:45:00.000,315,46,2,False
995,2021-12-03 09:29:00.000,227,148,3,True
996,2021-12-03 09:29:00.000,245,360,3,False
997,2021-12-03 09:45:00.000,183,167,3,True
998,2021-12-03 09:45:00.000,352,324,3,True
999,2021-12-03 09:29:00.000,400,363,3,False
1000,2021-12-03 09:30:00.000,170,81,2,True
1001,2021-12-03 09:30:00.000,137,340,3,True
1002,2021-12-03 09:30:00.000,310,16,3,True
1003,2021-12-03 09:32:00.000,175,67,2,False
1004,2021-12-03 09:32:00.000,253,33,2,False
1005,2021-12-03 09:45:00.000,432,204,3,True
1006,2021-12-03 09:33:00.000,261,91,2,True
1007,2021-12-03 09:33:00.000,243,152,3,True
1008,2021-12-03 09:35:00.000,189,67,2,False
1009,2021-12-03 09:32:00.000,111,86,3,True
1010,2021-12-03 09:48:00.000,426,383,3,True
1011,2021-12-03 09:52:00.000,266,122,3,True
1012,2021-12-03 09:34:00.000,186,26,2,False
1013,2021-12-03 09:49:00.000,231,234,3,False
1014,2021-12-03 09:34:00.000,670,147,3,True
1015,2021-12-03 09:49:00.000,169,350,3,True
1016,2021-12-03 09:34:00.000,152,311,3,True
1017,2021-12-03 09:49:00.000,495,391,3,False
1018,2021-12-03 09:53:00.000,426,15,2,True
1019,2021-12-03 09:49:00.000,3643,329,1,True
1020,2021-12-03 09:34:00.000,1055,155,3,True
1021,2021-12-03 09:35:00.000,408,132,2,False
1022,2021-12-03 09:35:00.000,239,392,2,False
1023,2021-12-03 09:35:00.000,204,238,3,False
1024,2021-12-03 09:51:00.000,237,374,3,True
1025,2021-12-03 09:35:00.000,506,346,3,False
1026,2021-12-03 09:36:00.000,111,393,2,False
1027,2021-12-03 09:36:00.000,375,239,3,False
1028,2021-12-03 09:51:00.000,304,25,2,False
1029,2021-12-03 09:36:00.000,396,342,3,True
1030,2021-12-03 09:52:00.000,367,145,3,True
1031,2021-12-03 09:51:00.000,313,349,3,False
1032,2021-12-03 09:52:00.000,386,132,2,False
1033,2021-12-03 09:37:00.000,212,49,2,False
1034,2021-12-03 09:37:00.000,402,360,3,False
1035,2021-12-03 09:52:00.000,991,394,3,False
1036,2021-12-03 09:37:00.000,205,200,3,False
1037,2021-12-03 09:37:00.000,380,395,1,False
1038,2021-12-03 09:53:00.000,195,33,2,True
1039,2021-12-03 09:38:00.000,168,171,3,False
1040,2021-12-03 09:38:00.000,527,396,3,True
1041,2021-12-03 09:38:00.000,255,349,3,True
1042,2021-12-03 09:53:00.000,197,44,2,False
1043,2021-12-03 09:53:00.000,98,26,2,False
1044,2021-12-03 09:39:00.000,386,175,3,True
1045,2021-12-03 09:40:00.000,117,163,3,False
1046,2021-12-03 09:53:00.000,131,289,2,False
1047,2021-12-03 09:53:00.000,697,149,3,True
1048,2021-12-03 09:53:00.000,169,188,3,True
1049,2021-12-03 09:40:00.000,210,82,3,True
1050,2021-12-03 09:51:00.000,231,45,2,True
1051,2021-12-03 09:54:00.000,182,151,3,False
1052,2021-12-03 09:54:00.000,187,51,2,True
1053,2021-12-03 09:54:00.000,625,125,3,True
1054,2021-12-03 09:42:00.000,461,164,3,True
1055,2021-12-03 09:55:00.000,279,354,3,False
1056,2021-12-03 09:42:00.000,521,340,3,True
1057,2021-12-03 09:55:00.000,113,76,2,False
1058,2021-12-03 10:14:00.000,221,67,2,True
1059,2021-12-03 09:55:00.000,269,181,3,True
1060,2021-12-03 09:42:00.000,248,239,3,True
1061,2021-12-03 09:55:00.000,270,234,3,False
1062,2021-12-03 10:13:00.000,327,141,3,True
1063,2021-12-03 09:55:00.000,559,397,1,True
1064,2021-12-03 09:55:00.000,93,82,3,False
1065,2021-12-03 09:55:00.000,986,194,3,True
1066,2021-12-03 09:42:00.000,518,398,1,True
1067,2021-12-03 09:43:00.000,107,44,2,False
1068,2021-12-03 09:43:00.000,351,65,2,True
1069,2021-12-03 09:43:00.000,632,144,3,True
1070,2021-12-03 09:56:00.000,144,230,3,False
1071,2021-12-03 09:57:00.000,261,350,3,True
1072,2021-12-03 09:57:00.000,231,78,3,False
1073,2021-12-03 09:43:00.000,281,217,3,True
1074,2021-12-03 09:58:00.000,102,186,3,False
1075,2021-12-03 09:58:00.000,224,148,3,False
1076,2021-12-03 09:59:00.000,559,16,3,True
1077,2021-12-03 09:44:00.000,254,56,2,True
1078,2021-12-03 09:44:00.000,246,45,2,False
1079,2021-12-03 10:01:00.000,249,167,3,True
1080,2021-12-03 10:01:00.000,487,348,3,True
1081,2021-12-03 09:44:00.000,449,134,3,False
1082,2021-12-03 10:05:00.000,361,351,3,False
1083,2021-12-03 09:44:00.000,132,203,3,True
1084,2021-12-03 09:44:00.000,196,228,1,False
1085,2021-12-03 10:06:00.000,831,48,2,True
1086,2021-12-03 10:06:00.000,519,366,3,False
1087,2021-12-03 10:07:00.000,204,43,2,False
1088,2021-12-03 10:07:00.000,256,171,3,False
1089,2021-12-03 10:07:00.000,240,234,3,True
1090,2021-12-03 10:08:00.000,200,399,2,True
1091,2021-12-03 09:45:00.000,229,68,2,False
1092,2021-12-03 09:45:00.000,310,333,3,True
1093,2021-12-03 10:07:00.000,370,313,3,False
1094,2021-12-03 09:45:00.000,276,375,3,False
1095,2021-12-03 09:45:00.000,109,367,3,False
1096,2021-12-03 09:48:00.000,638,400,3,True
1097,2021-12-03 10:08:00.000,254,401,2,True
1098,2021-12-03 10:08:00.000,98,402,3,False
1099,2021-12-03 09:48:00.000,335,368,3,True
1100,2021-12-03 10:09:00.000,160,51,2,True
1101,2021-12-03 10:09:00.000,307,363,3,False
1102,2021-12-03 10:09:00.000,648,348,3,False
1103,2021-12-03 09:49:00.000,146,123,3,True
1104,2021-12-03 10:09:00.000,3660,156,1,False
1105,2021-12-03 09:49:00.000,349,148,3,False
1106,2021-12-03 10:10:00.000,201,41,2,False
1107,2021-12-03 09:49:00.000,130,217,3,False
1108,2021-12-03 09:49:00.000,407,157,3,True
1109,2021-12-03 10:10:00.000,185,289,2,False
1110,2021-12-03 10:10:00.000,198,403,2,True
1111,2021-12-03 10:10:00.000,277,315,2,True
1112,2021-12-03 10:10:00.000,275,149,3,True
1113,2021-12-03 09:50:00.000,220,162,3,False
1114,2021-12-03 09:50:00.000,390,223,3,True
1115,2021-12-03 10:10:00.000,224,370,3,True
1116,2021-12-03 10:10:00.000,522,404,1,False
1117,2021-12-03 09:51:00.000,265,37,2,True
1118,2021-12-03 09:51:00.000,229,369,3,False
1119,2021-12-03 10:11:00.000,207,356,3,False
1120,2021-12-03 10:11:00.000,673,142,1,True
1121,2021-12-03 09:52:00.000,133,36,2,False
1122,2021-12-03 09:52:00.000,237,186,3,False
1123,2021-12-03 10:12:00.000,430,379,3,True
1124,2021-12-03 09:53:00.000,377,90,2,True
1125,2021-12-03 10:12:00.000,268,187,3,True
1126,2021-12-03 09:53:00.000,318,365,3,True
1127,2021-12-03 09:54:00.000,115,405,3,True
1128,2021-12-03 09:55:00.000,409,219,2,True
1129,2021-12-03 09:54:00.000,415,222,1,True
1130,2021-12-03 10:12:00.000,320,151,3,False
1131,2021-12-03 10:12:00.000,267,330,3,True
1132,2021-12-03 09:54:00.000,272,49,2,False
1133,2021-12-03 09:55:00.000,243,340,3,False
1134,2021-12-03 10:12:00.000,104,389,1,False
1135,2021-12-03 10:13:00.000,329,55,2,False
1136,2021-12-03 10:13:00.000,221,406,2,True
1137,2021-12-03 10:12:00.000,277,157,3,True
1138,2021-12-03 10:14:00.000,154,289,2,False
1139,2021-12-03 10:13:00.000,100,371,2,False
1140,2021-12-03 10:13:00.000,92,355,3,False
1141,2021-12-03 10:14:00.000,365,219,2,True
1142,2021-12-03 10:13:00.000,91,228,1,False
1143,2021-12-03 09:55:00.000,677,175,3,True
1144,2021-12-03 10:14:00.000,339,150,3,True
1145,2021-12-03 10:14:00.000,397,361,3,False
1146,2021-12-03 10:14:00.000,389,388,3,False
1147,2021-12-03 09:55:00.000,276,118,3,True
1148,2021-12-03 09:55:00.000,229,331,3,False
1149,2021-12-03 10:15:00.000,148,73,2,False
1150,2021-12-03 10:14:00.000,262,369,3,False
1151,2021-12-03 10:15:00.000,616,75,2,True
1152,2021-12-03 10:15:00.000,236,91,2,False
1153,2021-12-03 09:55:00.000,245,407,1,True
1154,2021-12-03 10:15:00.000,442,60,2,True
1155,2021-12-03 09:56:00.000,146,86,3,True
1156,2021-12-03 09:57:00.000,202,188,3,False
1157,2021-12-03 10:32:00.000,361,143,1,True
1158,2021-12-03 10:17:00.000,288,335,3,True
1159,2021-12-03 09:57:00.000,612,82,3,True
1160,2021-12-03 10:15:00.000,379,343,3,True
1161,2021-12-03 10:16:00.000,360,158,3,True
1162,2021-12-03 09:57:00.000,350,398,1,False
1163,2021-12-03 09:58:00.000,148,170,3,True
1164,2021-12-03 10:17:00.000,188,289,2,True
1165,2021-12-03 10:16:00.000,105,327,3,False
1166,2021-12-03 10:17:00.000,269,46,2,False
1167,2021-12-03 09:58:00.000,161,129,3,False
1168,2021-12-03 09:58:00.000,440,206,3,False
1169,2021-12-03 10:17:00.000,317,149,3,True
1170,2021-12-03 09:59:00.000,120,223,3,False
1171,2021-12-03 10:18:00.000,368,160,3,True
1172,2021-12-03 10:18:00.000,248,129,3,False
1173,2021-12-03 10:01:00.000,113,86,3,True
1174,2021-12-03 10:06:00.000,179,90,2,True
1175,2021-12-03 10:06:00.000,337,292,2,False
1176,2021-12-03 10:18:00.000,213,134,3,True
1177,2021-12-03 10:06:00.000,671,320,3,True
1178,2021-12-03 10:18:00.000,441,408,3,False
1179,2021-12-03 10:18:00.000,368,223,3,True
1180,2021-12-03 10:06:00.000,116,232,1,False
1181,2021-12-03 10:07:00.000,349,91,2,False
1182,2021-12-03 10:18:00.000,190,334,3,False
1183,2021-12-03 10:18:00.000,284,82,3,True
1184,2021-12-03 10:07:00.000,124,162,3,False
1185,2021-12-03 10:07:00.000,195,133,3,False
1186,2021-12-03 10:07:00.000,380,152,3,True
1187,2021-12-03 10:18:00.000,142,86,3,True
1188,2021-12-03 10:19:00.000,207,241,3,False
1189,2021-12-03 10:19:00.000,242,98,3,True
1190,2021-12-03 10:21:00.000,110,151,3,False
1191,2021-12-03 10:21:00.000,733,367,3,True
1192,2021-12-03 10:07:00.000,197,167,3,False
1193,2021-12-03 10:08:00.000,452,183,2,True
1194,2021-12-03 10:22:00.000,195,141,3,False
1195,2021-12-03 10:24:00.000,204,320,3,True
1196,2021-12-03 10:08:00.000,95,409,2,False
1197,2021-12-03 10:08:00.000,306,209,3,True
1198,2021-12-03 10:08:00.000,179,223,3,False
1199,2021-12-03 10:08:00.000,190,373,3,False
1200,2021-12-03 10:24:00.000,724,346,3,True
1201,2021-12-03 10:08:00.000,397,367,3,False
1202,2021-12-03 10:09:00.000,206,58,2,False
1203,2021-12-03 10:09:00.000,105,138,3,False
1204,2021-12-03 10:09:00.000,194,82,3,False
1205,2021-12-03 10:09:00.000,425,182,1,True
1206,2021-12-03 10:25:00.000,254,48,2,False
1207,2021-12-03 10:25:00.000,213,316,2,False
1208,2021-12-03 10:25:00.000,540,205,3,True
1209,2021-12-03 10:10:00.000,140,49,2,True
1210,2021-12-03 10:10:00.000,486,34,2,True
1211,2021-12-03 10:25:00.000,1450,16,3,True
1212,2021-12-03 10:26:00.000,347,136,2,True
1213,2021-12-03 10:10:00.000,639,85,2,True
1214,2021-12-03 10:26:00.000,207,69,2,True
1215,2021-12-03 10:10:00.000,574,174,3,False
1216,2021-12-03 10:10:00.000,318,241,3,True
1217,2021-12-03 10:26:00.000,280,40,2,False
1218,2021-12-03 10:26:00.000,646,147,3,False
1219,2021-12-03 10:26:00.000,291,355,3,False
1220,2021-12-03 10:10:00.000,145,335,3,False
1221,2021-12-03 10:10:00.000,508,365,3,True
1222,2021-12-03 10:27:00.000,95,81,2,False
1223,2021-12-03 10:27:00.000,132,45,2,False
1224,2021-12-03 10:27:00.000,133,410,2,False
1225,2021-12-03 10:10:00.000,193,374,3,False
1226,2021-12-03 10:11:00.000,240,162,3,True
1227,2021-12-03 10:11:00.000,266,360,3,True
1228,2021-12-03 10:27:00.000,871,158,3,True
1229,2021-12-03 10:27:00.000,761,333,3,True
1230,2021-12-03 10:12:00.000,184,186,3,False
1231,2021-12-03 10:27:00.000,622,391,3,True
1232,2021-12-03 10:12:00.000,477,354,3,True
1233,2021-12-03 10:28:00.000,165,290,3,False
1234,2021-12-03 10:12:00.000,324,353,3,False
1235,2021-12-03 10:13:00.000,157,36,2,True
1236,2021-12-03 10:13:00.000,287,328,3,True
1237,2021-12-03 10:29:00.000,408,101,2,True
1238,2021-12-03 10:28:00.000,197,305,3,False
1239,2021-12-03 10:13:00.000,119,86,3,True
1240,2021-12-03 10:29:00.000,286,411,2,True
1241,2021-12-03 10:14:00.000,109,101,2,False
1242,2021-12-03 10:14:00.000,242,400,3,False
1243,2021-12-03 10:29:00.000,433,365,3,True
1244,2021-12-03 10:14:00.000,149,138,3,False
1245,2021-12-03 10:14:00.000,114,311,3,False
1246,2021-12-03 10:15:00.000,293,412,2,True
1247,2021-12-03 10:14:00.000,195,331,3,False
1248,2021-12-03 10:14:00.000,455,208,3,False
1249,2021-12-03 10:29:00.000,280,194,3,True
1250,2021-12-03 10:30:00.000,222,188,3,False
1251,2021-12-03 10:32:00.000,198,69,2,True
1252,2021-12-03 10:31:00.000,682,355,3,False
1253,2021-12-03 10:15:00.000,261,40,2,False
1254,2021-12-03 10:14:00.000,290,333,3,True
1255,2021-12-03 10:32:00.000,212,67,2,False
1256,2021-12-03 10:31:00.000,93,374,3,False
1257,2021-12-03 10:32:00.000,256,26,2,False
1258,2021-12-03 10:14:00.000,322,198,3,False
1259,2021-12-03 10:15:00.000,431,59,2,False
1260,2021-12-03 10:15:00.000,187,81,2,True
1261,2021-12-03 10:32:00.000,490,171,3,True
1262,2021-12-03 10:15:00.000,193,413,3,False
1263,2021-12-03 10:32:00.000,329,75,2,True
1264,2021-12-03 10:16:00.000,148,398,1,False
1265,2021-12-03 10:32:00.000,368,361,3,False
1266,2021-12-03 10:16:00.000,258,315,2,False
1267,2021-12-03 10:16:00.000,279,148,3,True
1268,2021-12-03 10:40:00.000,293,313,3,True
1269,2021-12-03 10:33:00.000,372,59,2,True
1270,2021-12-03 10:33:00.000,110,17,2,False
1271,2021-12-03 10:17:00.000,158,37,2,True
1272,2021-12-03 10:33:00.000,243,368,3,False
1273,2021-12-03 10:33:00.000,466,363,3,False
1274,2021-12-03 10:17:00.000,279,239,3,False
1275,2021-12-03 10:17:00.000,391,320,3,True
1276,2021-12-03 10:34:00.000,524,342,3,True
1277,2021-12-03 10:18:00.000,205,123,3,True
1278,2021-12-03 10:18:00.000,320,387,3,False
1279,2021-12-03 10:35:00.000,2828,414,1,True
1280,2021-12-03 10:18:00.000,367,356,3,True
1281,2021-12-03 10:36:00.000,198,365,3,False
1282,2021-12-03 10:36:00.000,163,313,3,False
1283,2021-12-03 10:37:00.000,523,145,3,True
1284,2021-12-03 10:18:00.000,137,330,3,False
1285,2021-12-03 10:18:00.000,363,328,3,False
1286,2021-12-03 10:19:00.000,869,164,3,True
1287,2021-12-03 10:37:00.000,423,396,3,False
1288,2021-12-03 10:38:00.000,365,149,3,False
1289,2021-12-03 10:19:00.000,114,355,3,False
1290,2021-12-03 10:19:00.000,382,189,3,False
1291,2021-12-03 10:38:00.000,257,408,3,False
1292,2021-12-03 10:21:00.000,167,311,3,False
1293,2021-12-03 10:38:00.000,173,210,1,True
1294,2021-12-03 10:39:00.000,316,98,3,True
1295,2021-12-03 10:21:00.000,351,377,1,False
1296,2021-12-03 10:24:00.000,457,217,3,True
1297,2021-12-03 10:39:00.000,160,353,3,False
1298,2021-12-03 11:08:00.000,221,49,2,False
1299,2021-12-03 10:24:00.000,163,305,3,False
1300,2021-12-03 10:25:00.000,805,34,2,True
1301,2021-12-03 10:24:00.000,186,343,3,False
1302,2021-12-03 10:40:00.000,311,144,3,True
1303,2021-12-03 10:40:00.000,180,339,3,False
1304,2021-12-03 10:40:00.000,332,151,3,False
1305,2021-12-03 10:41:00.000,220,415,2,True
1306,2021-12-03 10:41:00.000,213,187,3,False
1307,2021-12-03 10:41:00.000,152,311,3,True
1308,2021-12-03 10:41:00.000,256,416,1,True
1309,2021-12-03 10:25:00.000,336,291,2,False
1310,2021-12-03 10:25:00.000,289,415,2,True
1311,2021-12-03 10:25:00.000,287,238,3,False
1312,2021-12-03 10:25:00.000,296,369,3,False
1313,2021-12-03 10:26:00.000,157,17,2,False
1314,2021-12-03 10:42:00.000,410,51,2,False
1315,2021-12-03 10:42:00.000,477,57,2,True
1316,2021-12-03 10:26:00.000,456,57,2,False
1317,2021-12-03 10:26:00.000,287,406,2,False
1318,2021-12-03 10:42:00.000,164,356,3,False
1319,2021-12-03 10:43:00.000,187,129,3,False
1320,2021-12-03 10:26:00.000,663,149,3,True
1321,2021-12-03 10:44:00.000,418,204,3,True
1322,2021-12-03 10:42:00.000,372,388,3,False
1323,2021-12-03 10:26:00.000,423,349,3,False
1324,2021-12-03 10:27:00.000,106,65,2,False
1325,2021-12-03 10:43:00.000,122,387,3,False
1326,2021-12-03 10:43:00.000,321,335,3,False
1327,2021-12-03 10:27:00.000,106,55,2,False
1328,2021-12-03 10:27:00.000,250,132,2,False
1329,2021-12-03 10:44:00.000,164,35,2,False
1330,2021-12-03 10:44:00.000,94,197,3,False
1331,2021-12-03 10:27:00.000,786,311,3,True
1332,2021-12-03 10:27:00.000,109,86,3,True
1333,2021-12-03 10:45:00.000,203,399,2,True
1334,2021-12-03 10:27:00.000,237,398,1,False
1335,2021-12-03 10:45:00.000,222,371,2,False
1336,2021-12-03 10:28:00.000,165,58,2,False
1337,2021-12-03 10:45:00.000,441,149,3,True
1338,2021-12-03 10:28:00.000,267,150,3,False
1339,2021-12-03 10:46:00.000,209,291,2,True
1340,2021-12-03 10:46:00.000,323,60,2,True
1341,2021-12-03 10:28:00.000,268,320,3,False
1342,2021-12-03 10:31:00.000,360,132,2,False
1343,2021-12-03 10:28:00.000,368,350,3,False
1344,2021-12-03 10:46:00.000,357,170,3,False
1345,2021-12-03 10:47:00.000,281,118,3,True
1346,2021-12-03 10:46:00.000,238,157,3,True
1347,2021-12-03 10:29:00.000,183,417,2,False
1348,2021-12-03 10:29:00.000,424,418,2,False
1349,2021-12-03 10:47:00.000,829,368,3,True
1350,2021-12-03 10:29:00.000,220,55,2,True
1351,2021-12-03 10:29:00.000,207,330,3,True
1352,2021-12-03 10:30:00.000,180,123,3,True
1353,2021-12-03 10:30:00.000,119,209,3,True
1354,2021-12-03 10:30:00.000,222,373,3,True
1355,2021-12-03 10:56:00.000,164,334,3,False
1356,2021-12-03 10:48:00.000,361,114,3,False
1357,2021-12-03 10:48:00.000,379,354,3,True
1358,2021-12-03 10:32:00.000,254,344,2,True
1359,2021-12-03 10:31:00.000,175,238,3,True
1360,2021-12-03 10:48:00.000,723,175,3,True
1361,2021-12-03 10:31:00.000,238,335,3,False
1362,2021-12-03 10:48:00.000,387,331,3,True
1363,2021-12-03 10:49:00.000,482,145,3,True
1364,2021-12-03 10:31:00.000,302,208,3,False
1365,2021-12-03 10:49:00.000,278,370,3,True
1366,2021-12-03 10:32:00.000,301,76,2,True
1367,2021-12-03 10:32:00.000,283,150,3,False
1368,2021-12-03 10:50:00.000,417,239,3,True
1369,2021-12-03 10:51:00.000,253,25,2,False
1370,2021-12-03 10:33:00.000,355,77,2,True
1371,2021-12-03 10:33:00.000,137,25,2,True
1372,2021-12-03 10:32:00.000,480,169,3,False
1373,2021-12-03 10:51:00.000,132,408,3,False
1374,2021-12-03 10:51:00.000,674,146,3,False
1375,2021-12-03 10:32:00.000,178,402,3,True
1376,2021-12-03 10:52:00.000,277,32,2,True
1377,2021-12-03 10:42:00.000,566,138,3,True
1378,2021-12-03 10:52:00.000,233,61,2,True
1379,2021-12-03 10:52:00.000,104,147,3,False
1380,2021-12-03 10:33:00.000,301,347,3,False
1381,2021-12-03 10:52:00.000,272,164,3,True
1382,2021-12-03 10:33:00.000,424,230,3,True
1383,2021-12-03 10:53:00.000,167,123,3,True
1384,2021-12-03 10:34:00.000,267,353,3,False
1385,2021-12-03 10:34:00.000,241,328,3,True
1386,2021-12-03 10:54:00.000,283,318,2,True
1387,2021-12-03 10:54:00.000,257,192,3,False
1388,2021-12-03 10:34:00.000,215,373,3,True
1389,2021-12-03 10:54:00.000,212,361,3,True
1390,2021-12-03 10:54:00.000,96,365,3,False
1391,2021-12-03 10:54:00.000,100,367,3,False
1392,2021-12-03 10:54:00.000,242,249,1,False
1393,2021-12-03 10:35:00.000,251,138,3,True
1394,2021-12-03 10:36:00.000,459,175,3,True
1395,2021-12-03 10:55:00.000,99,58,2,False
1396,2021-12-03 10:55:00.000,604,152,3,False
1397,2021-12-03 10:36:00.000,129,374,3,True
1398,2021-12-03 10:55:00.000,153,366,3,True
1399,2021-12-03 10:55:00.000,436,375,3,True
1400,2021-12-03 10:36:00.000,575,380,3,False
1401,2021-12-03 10:37:00.000,144,151,3,False
1402,2021-12-03 10:55:00.000,178,419,1,False
1403,2021-12-03 10:56:00.000,112,382,2,False
1404,2021-12-03 10:56:00.000,128,401,2,False
1405,2021-12-03 10:56:00.000,169,347,3,False
1406,2021-12-03 10:37:00.000,502,346,3,True
1407,2021-12-03 10:38:00.000,443,368,3,True
1408,2021-12-03 10:57:00.000,173,90,2,False
1409,2021-12-03 10:38:00.000,649,194,3,False
1410,2021-12-03 10:39:00.000,210,163,3,False
1411,2021-12-03 10:39:00.000,152,369,3,False
1412,2021-12-03 10:57:00.000,367,356,3,True
1413,2021-12-03 11:05:00.000,235,96,2,False
1414,2021-12-03 10:40:00.000,207,152,3,False
1415,2021-12-03 10:57:00.000,487,331,3,True
1416,2021-12-03 10:40:00.000,148,138,3,False
1417,2021-12-03 10:40:00.000,207,305,3,False
1418,2021-12-03 10:57:00.000,354,78,3,True
1419,2021-12-03 10:58:00.000,120,217,3,False
1420,2021-12-03 10:41:00.000,364,174,3,True
1421,2021-12-03 10:41:00.000,304,354,3,True
1422,2021-12-03 10:59:00.000,201,333,3,False
1423,2021-12-03 10:41:00.000,150,374,3,False
1424,2021-12-03 11:01:00.000,546,147,3,True
1425,2021-12-03 10:41:00.000,327,333,3,True
1426,2021-12-03 10:42:00.000,248,418,2,True
1427,2021-12-03 10:42:00.000,219,382,2,True
1428,2021-12-03 10:43:00.000,372,340,3,True
1429,2021-12-03 11:01:00.000,237,171,3,False
1430,2021-12-03 10:43:00.000,257,420,2,False
1431,2021-12-03 10:42:00.000,488,361,3,True
1432,2021-12-03 10:44:00.000,186,86,3,False
1433,2021-12-03 11:01:00.000,162,369,3,False
1434,2021-12-03 11:02:00.000,195,98,3,False
1435,2021-12-03 10:42:00.000,105,86,3,True
1436,2021-12-03 11:09:00.000,291,418,2,False
1437,2021-12-03 11:02:00.000,285,175,3,False
1438,2021-12-03 11:02:00.000,331,342,3,True
1439,2021-12-03 11:03:00.000,156,151,3,False
1440,2021-12-03 11:03:00.000,411,373,3,True
1441,2021-12-03 10:43:00.000,468,171,3,False
1442,2021-12-03 10:45:00.000,346,342,3,True
1443,2021-12-03 10:44:00.000,222,289,2,True
1444,2021-12-03 11:03:00.000,214,397,1,True
1445,2021-12-03 10:44:00.000,217,164,3,True
1446,2021-12-03 10:44:00.000,255,73,2,True
1447,2021-12-03 10:43:00.000,104,373,3,False
1448,2021-12-03 11:04:00.000,513,238,3,True
1449,2021-12-03 10:44:00.000,150,421,2,True
1450,2021-12-03 10:46:00.000,151,123,3,False
1451,2021-12-03 10:44:00.000,487,127,1,False
1452,2021-12-03 11:04:00.000,728,422,1,True
1453,2021-12-03 11:05:00.000,325,59,2,False
1454,2021-12-03 10:45:00.000,263,37,2,False
1455,2021-12-03 10:45:00.000,133,379,3,False
1456,2021-12-03 10:45:00.000,293,323,3,False
1457,2021-12-03 11:06:00.000,322,289,2,False
1458,2021-12-03 11:05:00.000,177,190,1,True
1459,2021-12-03 10:45:00.000,113,366,3,False
1460,2021-12-03 11:06:00.000,268,144,3,False
1461,2021-12-03 11:06:00.000,95,154,3,True
1462,2021-12-03 11:07:00.000,304,183,2,True
1463,2021-12-03 10:46:00.000,341,55,2,True
1464,2021-12-03 10:46:00.000,535,18,2,False
1465,2021-12-03 10:46:00.000,117,390,1,True
1466,2021-12-03 11:07:00.000,143,414,1,True
1467,2021-12-03 11:08:00.000,614,423,2,False
1468,2021-12-03 11:08:00.000,122,424,2,False
1469,2021-12-03 10:48:00.000,345,172,3,False
1470,2021-12-03 11:08:00.000,141,292,2,False
1471,2021-12-03 11:08:00.000,145,347,3,False
1472,2021-12-03 10:49:00.000,252,150,3,True
1473,2021-12-03 10:49:00.000,121,160,3,False
1474,2021-12-03 11:09:00.000,162,55,2,True
1475,2021-12-03 11:08:00.000,262,223,3,False
1476,2021-12-03 11:09:00.000,171,129,3,True
1477,2021-12-03 10:49:00.000,549,134,3,False
1478,2021-12-03 10:51:00.000,316,340,3,False
1479,2021-12-03 11:09:00.000,161,206,3,False
1480,2021-12-03 11:10:00.000,101,147,3,False
1481,2021-12-03 11:10:00.000,291,171,3,False
1482,2021-12-03 10:51:00.000,148,333,3,True
1483,2021-12-03 11:10:00.000,438,239,3,False
1484,2021-12-03 10:52:00.000,179,65,2,True
1485,2021-12-03 10:52:00.000,502,56,2,True
1486,2021-12-03 10:52:00.000,185,186,3,False
1487,2021-12-03 11:10:00.000,534,366,3,True
1488,2021-12-03 10:52:00.000,247,343,3,False
1489,2021-12-03 11:14:00.000,356,154,3,False
1490,2021-12-03 11:14:00.000,138,330,3,False
1491,2021-12-03 10:53:00.000,320,151,3,True
1492,2021-12-03 11:15:00.000,321,124,2,False
1493,2021-12-03 11:15:00.000,167,35,2,False
1494,2021-12-03 11:15:00.000,555,69,2,True
1495,2021-12-03 11:15:00.000,465,149,3,True
1496,2021-12-03 11:15:00.000,607,327,3,False
1497,2021-12-03 11:15:00.000,109,340,3,True
1498,2021-12-03 11:15:00.000,162,402,3,False
1499,2021-12-03 10:53:00.000,211,122,3,True
1500,2021-12-03 10:53:00.000,186,140,1,False
1501,2021-12-03 11:15:00.000,171,122,3,False
1502,2021-12-03 11:16:00.000,391,102,2,True
1503,2021-12-03 11:16:00.000,311,12,2,True
1504,2021-12-03 10:54:00.000,602,129,3,False
1505,2021-12-03 11:16:00.000,439,335,3,False
1506,2021-12-03 10:54:00.000,148,358,3,True
1507,2021-12-03 10:54:00.000,470,353,3,False
1508,2021-12-03 11:17:00.000,330,188,3,True
1509,2021-12-03 10:54:00.000,198,197,3,True
1510,2021-12-03 11:17:00.000,259,380,3,False
1511,2021-12-03 11:18:00.000,247,239,3,True
1512,2021-12-03 10:54:00.000,266,153,1,True
1513,2021-12-03 11:18:00.000,112,365,3,False
1514,2021-12-03 10:55:00.000,196,124,2,False
1515,2021-12-03 11:18:00.000,253,369,3,False
1516,2021-12-03 11:18:00.000,343,118,3,False
1517,2021-12-03 11:19:00.000,128,162,3,False
1518,2021-12-03 10:55:00.000,172,75,2,False
1519,2021-12-03 10:55:00.000,101,147,3,False
1520,2021-12-03 10:55:00.000,205,167,3,True
1521,2021-12-03 11:19:00.000,297,138,3,True
1522,2021-12-03 11:19:00.000,454,346,3,True
1523,2021-12-03 10:55:00.000,645,305,3,False
1524,2021-12-03 11:19:00.000,96,389,1,False
1525,2021-12-03 11:30:00.000,429,147,3,True
1526,2021-12-03 10:56:00.000,247,141,3,False
1527,2021-12-03 11:20:00.000,315,114,3,True
1528,2021-12-03 10:57:00.000,132,61,2,True
1529,2021-12-03 10:57:00.000,429,136,2,False
1530,2021-12-03 11:20:00.000,385,368,3,False
1531,2021-12-03 11:20:00.000,396,194,3,True
1532,2021-12-03 11:20:00.000,177,425,1,True
1533,2021-12-03 10:57:00.000,330,154,3,True
1534,2021-12-03 11:21:00.000,274,60,2,False
1535,2021-12-03 11:05:00.000,665,417,2,True
1536,2021-12-03 11:29:00.000,199,368,3,True
1537,2021-12-03 10:57:00.000,206,205,3,False
1538,2021-12-03 10:57:00.000,544,157,3,True
1539,2021-12-03 11:21:00.000,142,129,3,False
1540,2021-12-03 11:21:00.000,130,402,3,False
1541,2021-12-03 11:22:00.000,296,356,3,False
1542,2021-12-03 10:58:00.000,334,187,3,False
1543,2021-12-03 11:22:00.000,778,388,3,True
1544,2021-12-03 11:23:00.000,467,239,3,True
1545,2021-12-03 11:00:00.000,498,388,3,True
1546,2021-12-03 11:24:00.000,259,123,3,True
1547,2021-12-03 11:01:00.000,625,160,3,True
1548,2021-12-03 11:24:00.000,416,350,3,False
1549,2021-12-03 11:01:00.000,94,374,3,False
1550,2021-12-03 11:25:00.000,161,241,3,False
1551,2021-12-03 11:25:00.000,188,138,3,False
1552,2021-12-03 11:01:00.000,134,426,1,False
1553,2021-12-03 11:02:00.000,183,167,3,True
1554,2021-12-03 11:02:00.000,316,122,3,True
1555,2021-12-03 11:26:00.000,178,172,3,True
1556,2021-12-03 11:26:00.000,486,363,3,False
1557,2021-12-03 11:03:00.000,279,328,3,True
1558,2021-12-03 11:26:00.000,286,394,3,True
1559,2021-12-03 11:27:00.000,324,133,3,True
1560,2021-12-03 11:03:00.000,344,346,3,True
1561,2021-12-03 11:03:00.000,176,194,3,False
1562,2021-12-03 11:03:00.000,286,427,1,False
1563,2021-12-03 11:27:00.000,326,149,3,False
1564,2021-12-03 11:27:00.000,287,167,3,True
1565,2021-12-03 11:27:00.000,280,194,3,True
1566,2021-12-03 11:04:00.000,750,164,3,False
1567,2021-12-03 11:27:00.000,139,78,3,False
1568,2021-12-03 11:28:00.000,259,187,3,False
1569,2021-12-03 11:04:00.000,174,369,3,False
1570,2021-12-03 11:05:00.000,190,399,2,True
1571,2021-12-03 11:05:00.000,178,382,2,True
1572,2021-12-03 11:06:00.000,93,132,2,False
1573,2021-12-03 11:05:00.000,475,150,3,False
1574,2021-12-03 11:05:00.000,140,187,3,True
1575,2021-12-03 11:30:00.000,102,108,2,False
1576,2021-12-03 11:30:00.000,142,371,2,False
1577,2021-12-03 11:05:00.000,284,366,3,True
1578,2021-12-03 11:32:00.000,181,344,2,True
1579,2021-12-03 11:30:00.000,336,351,3,True
1580,2021-12-03 11:05:00.000,271,428,1,False
1581,2021-12-03 11:31:00.000,250,357,2,False
1582,2021-12-03 11:31:00.000,282,318,2,True
1583,2021-12-03 11:05:00.000,149,404,1,False
1584,2021-12-03 11:06:00.000,317,340,3,True
1585,2021-12-03 11:07:00.000,139,76,2,False
1586,2021-12-03 11:31:00.000,440,144,3,False
1587,2021-12-03 11:32:00.000,167,429,3,True
1588,2021-12-03 11:06:00.000,352,333,3,False
1589,2021-12-03 11:31:00.000,224,430,1,True
1590,2021-12-03 11:07:00.000,430,81,2,True
1591,2021-12-03 11:07:00.000,544,82,3,True
1592,2021-12-03 11:32:00.000,154,73,2,False
1593,2021-12-03 11:32:00.000,204,61,2,False
1594,2021-12-03 11:09:00.000,287,133,3,False
1595,2021-12-03 11:07:00.000,255,148,3,True
1596,2021-12-03 11:33:00.000,300,336,3,True
1597,2021-12-03 11:35:00.000,121,97,2,False
1598,2021-12-03 11:32:00.000,410,383,3,False
1599,2021-12-03 11:32:00.000,202,398,1,False
1600,2021-12-03 11:08:00.000,194,177,3,True
1601,2021-12-03 11:38:00.000,137,49,2,False
1602,2021-12-03 11:09:00.000,127,382,2,False
1603,2021-12-03 11:08:00.000,179,167,3,True
1604,2021-12-03 11:38:00.000,377,219,2,True
1605,2021-12-03 11:08:00.000,416,208,3,False
1606,2021-12-03 11:38:00.000,225,203,3,False
1607,2021-12-03 11:38:00.000,691,235,1,True
1608,2021-12-03 11:08:00.000,203,349,3,False
1609,2021-12-03 11:09:00.000,321,358,3,False
1610,2021-12-03 11:10:00.000,345,125,3,True
1611,2021-12-03 11:39:00.000,263,183,2,True
1612,2021-12-03 11:39:00.000,164,369,3,False
1613,2021-12-03 11:40:00.000,100,133,3,False
1614,2021-12-03 11:40:00.000,365,138,3,True
1615,2021-12-03 11:10:00.000,159,336,3,False
1616,2021-12-03 11:20:00.000,577,147,3,False
1617,2021-12-03 11:13:00.000,164,157,3,False
1618,2021-12-03 11:14:00.000,268,219,2,True
1619,2021-12-03 11:40:00.000,182,350,3,True
1620,2021-12-03 11:15:00.000,166,46,2,True
1621,2021-12-03 11:40:00.000,590,367,3,True
1622,2021-12-03 11:41:00.000,486,37,2,False
1623,2021-12-03 11:42:00.000,344,118,3,False
1624,2021-12-03 11:15:00.000,262,183,2,True
1625,2021-12-03 11:15:00.000,555,170,3,True
1626,2021-12-03 11:42:00.000,113,431,1,False
1627,2021-12-03 11:43:00.000,118,172,3,True
1628,2021-12-03 11:43:00.000,183,360,3,False
1629,2021-12-03 11:15:00.000,120,167,3,False
1630,2021-12-03 11:44:00.000,91,133,3,False
1631,2021-12-03 11:45:00.000,186,192,3,False
1632,2021-12-03 11:15:00.000,461,349,3,True
1633,2021-12-03 11:45:00.000,218,305,3,True
1634,2021-12-03 11:45:00.000,3660,185,1,False
1635,2021-12-03 11:16:00.000,550,101,2,False
1636,2021-12-03 11:16:00.000,256,432,2,False
1637,2021-12-03 11:16:00.000,512,146,3,True
1638,2021-12-03 11:17:00.000,883,155,3,True
1639,2021-12-03 11:46:00.000,377,149,3,True
1640,2021-12-03 11:18:00.000,443,144,3,True
1641,2021-12-03 11:46:00.000,176,86,3,True
1642,2021-12-03 11:46:00.000,91,120,1,False
1643,2021-12-03 11:18:00.000,314,151,3,False
1644,2021-12-03 11:47:00.000,146,411,2,False
1645,2021-12-03 12:00:00.000,362,77,2,False
1646,2021-12-03 11:47:00.000,200,361,3,False
1647,2021-12-03 11:18:00.000,137,394,3,True
1648,2021-12-03 11:18:00.000,329,235,1,False
1649,2021-12-03 11:19:00.000,178,177,3,True
1650,2021-12-03 11:19:00.000,281,206,3,False
1651,2021-12-03 11:48:00.000,565,353,3,True
1652,2021-12-03 11:19:00.000,407,373,3,True
1653,2021-12-03 11:49:00.000,388,138,3,True
1654,2021-12-03 11:49:00.000,179,200,3,False
1655,2021-12-03 11:19:00.000,211,331,3,True
1656,2021-12-03 11:49:00.000,361,204,3,True
1657,2021-12-03 11:50:00.000,270,293,3,True
1658,2021-12-03 11:50:00.000,105,205,3,False
1659,2021-12-03 11:51:00.000,634,361,3,True
1660,2021-12-03 11:20:00.000,253,187,3,False
1661,2021-12-03 11:20:00.000,415,16,3,True
1662,2021-12-03 11:51:00.000,310,433,3,True
1663,2021-12-03 11:51:00.000,179,381,3,False
1664,2021-12-03 11:52:00.000,381,375,3,False
1665,2021-12-03 11:21:00.000,480,289,2,True
1666,2021-12-03 11:20:00.000,249,428,1,True
1667,2021-12-03 11:53:00.000,374,129,3,True
1668,2021-12-03 11:21:00.000,284,208,3,True
1669,2021-12-03 11:53:00.000,253,429,3,False
1670,2021-12-03 11:21:00.000,189,82,3,True
1671,2021-12-03 11:55:00.000,290,238,3,True
1672,2021-12-03 11:22:00.000,107,154,3,False
1673,2021-12-03 11:22:00.000,155,363,3,False
1674,2021-12-03 11:56:00.000,184,358,3,False
1675,2021-12-03 11:57:00.000,128,43,2,False
1676,2021-12-03 11:57:00.000,405,415,2,True
1677,2021-12-03 11:57:00.000,538,98,3,True
1678,2021-12-03 11:23:00.000,138,186,3,True
1679,2021-12-03 11:24:00.000,275,162,3,False
1680,2021-12-03 11:24:00.000,173,167,3,True
1681,2021-12-03 11:57:00.000,130,313,3,True
1682,2021-12-03 11:58:00.000,171,183,2,True
1683,2021-12-03 11:24:00.000,253,333,3,True
1684,2021-12-03 11:58:00.000,393,353,3,False
1685,2021-12-03 11:59:00.000,346,85,2,True
1686,2021-12-03 11:25:00.000,246,422,1,True
1687,2021-12-03 11:59:00.000,103,434,2,False
1688,2021-12-03 11:59:00.000,417,68,2,False
1689,2021-12-03 11:26:00.000,320,230,3,False
1690,2021-12-03 11:27:00.000,203,186,3,False
1691,2021-12-03 11:59:00.000,225,433,3,False
1692,2021-12-03 11:27:00.000,474,238,3,True
1693,2021-12-03 11:28:00.000,128,387,3,False
1694,2021-12-03 12:00:00.000,254,435,2,False
1695,2021-12-03 11:28:00.000,348,209,3,True
1696,2021-12-03 11:29:00.000,108,223,3,False
1697,2021-12-03 12:00:00.000,213,46,2,False
1698,2021-12-03 12:01:00.000,297,183,2,False
1699,2021-12-03 11:30:00.000,189,88,2,False
1700,2021-12-03 12:02:00.000,256,136,2,False
1701,2021-12-03 12:02:00.000,239,239,3,False
1702,2021-12-03 12:03:00.000,981,16,3,True
1703,2021-12-03 11:32:00.000,239,172,3,False
1704,2021-12-03 11:30:00.000,338,369,3,True
1705,2021-12-03 11:30:00.000,162,384,1,False
1706,2021-12-03 11:30:00.000,266,436,1,True
1707,2021-12-03 12:02:00.000,151,383,3,False
1708,2021-12-03 11:31:00.000,259,386,2,False
1709,2021-12-03 11:31:00.000,131,162,3,False
1710,2021-12-03 12:04:00.000,407,419,1,True
1711,2021-12-03 11:32:00.000,627,204,3,True
1712,2021-12-03 11:32:00.000,362,41,2,False
1713,2021-12-03 11:32:00.000,148,167,3,True
1714,2021-12-03 11:35:00.000,516,186,3,True
1715,2021-12-03 11:33:00.000,248,67,2,False
1716,2021-12-03 12:03:00.000,307,437,1,False
1717,2021-12-03 11:32:00.000,143,142,1,False
1718,2021-12-03 11:33:00.000,316,51,2,False
1719,2021-12-03 11:33:00.000,503,118,3,False
1720,2021-12-03 11:33:00.000,224,153,1,False
1721,2021-12-03 12:05:00.000,152,150,3,False
1722,2021-12-03 12:06:00.000,242,96,2,False
1723,2021-12-03 11:34:00.000,281,133,3,False
1724,2021-12-03 12:06:00.000,637,174,3,True
1725,2021-12-03 12:08:00.000,191,37,2,False
1726,2021-12-03 12:06:00.000,548,438,1,True
1727,2021-12-03 11:35:00.000,351,368,3,True
1728,2021-12-03 12:07:00.000,226,335,3,True
1729,2021-12-03 12:08:00.000,92,86,3,True
1730,2021-12-03 11:47:00.000,362,148,3,True
1731,2021-12-03 12:09:00.000,517,198,3,True
1732,2021-12-03 11:37:00.000,251,333,3,False
1733,2021-12-03 12:09:00.000,346,305,3,True
1734,2021-12-03 12:10:00.000,195,387,3,True
1735,2021-12-03 11:38:00.000,428,17,2,False
1736,2021-12-03 11:38:00.000,148,55,2,False
1737,2021-12-03 11:38:00.000,521,16,3,True
1738,2021-12-03 11:38:00.000,306,378,1,True
1739,2021-12-03 12:10:00.000,108,171,3,False
1740,2021-12-03 12:10:00.000,171,290,3,False
1741,2021-12-03 12:10:00.000,135,343,3,False
1742,2021-12-03 12:11:00.000,102,360,3,False
1743,2021-12-03 11:39:00.000,184,413,3,False
1744,2021-12-03 12:11:00.000,423,348,3,False
1745,2021-12-03 11:40:00.000,480,147,3,True
1746,2021-12-03 12:12:00.000,173,433,3,True
1747,2021-12-03 12:12:00.000,109,375,3,True
1748,2021-12-03 12:13:00.000,388,158,3,True
1749,2021-12-03 11:40:00.000,233,134,3,True
1750,2021-12-03 11:40:00.000,669,439,3,True
1751,2021-12-03 12:13:00.000,497,355,3,True
1752,2021-12-03 12:13:00.000,716,175,3,False
1753,2021-12-03 12:13:00.000,322,146,3,False
1754,2021-12-03 12:14:00.000,247,370,3,True
1755,2021-12-03 11:40:00.000,1121,346,3,True
1756,2021-12-03 12:17:00.000,3629,414,1,True
1757,2021-12-03 12:18:00.000,342,65,2,True
1758,2021-12-03 12:18:00.000,276,60,2,False
1759,2021-12-03 11:41:00.000,207,55,2,False
1760,2021-12-03 12:19:00.000,328,321,2,True
1761,2021-12-03 12:18:00.000,260,122,3,True
1762,2021-12-03 11:42:00.000,254,354,3,True
1763,2021-12-03 12:28:00.000,355,292,2,False
1764,2021-12-03 12:28:00.000,228,148,3,True
1765,2021-12-03 11:42:00.000,186,440,1,False
1766,2021-12-03 12:22:00.000,128,45,2,True
1767,2021-12-03 12:22:00.000,351,18,2,False
1768,2021-12-03 11:43:00.000,500,144,3,True
1769,2021-12-03 12:22:00.000,144,150,3,False
1770,2021-12-03 11:43:00.000,243,350,3,True
1771,2021-12-03 12:23:00.000,184,239,3,True
1772,2021-12-03 12:23:00.000,3660,329,1,True
1773,2021-12-03 11:44:00.000,123,334,3,True
1774,2021-12-03 11:44:00.000,313,153,1,True
1775,2021-12-03 11:44:00.000,303,128,1,False
1776,2021-12-03 11:45:00.000,175,204,3,False
1777,2021-12-03 11:46:00.000,339,152,3,False
1778,2021-12-03 11:47:00.000,300,46,2,False
1779,2021-12-03 11:58:00.000,283,409,2,True
1780,2021-12-03 12:24:00.000,291,399,2,True
1781,2021-12-03 12:24:00.000,168,353,3,True
1782,2021-12-03 11:48:00.000,386,370,3,True
1783,2021-12-03 12:24:00.000,169,333,3,False
1784,2021-12-03 11:48:00.000,146,232,1,False
1785,2021-12-03 12:25:00.000,400,174,3,True
1786,2021-12-03 11:49:00.000,293,223,3,True
1787,2021-12-03 12:29:00.000,720,125,3,True
1788,2021-12-03 11:50:00.000,120,162,3,False
1789,2021-12-03 12:29:00.000,158,311,3,True
1790,2021-12-03 11:50:00.000,362,170,3,True
1791,2021-12-03 11:51:00.000,405,16,3,True
1792,2021-12-03 12:30:00.000,150,374,3,False
1793,2021-12-03 11:52:00.000,242,239,3,True
1794,2021-12-03 11:52:00.000,292,203,3,True
1795,2021-12-03 12:31:00.000,945,189,3,False
1796,2021-12-03 12:31:00.000,524,313,3,True
1797,2021-12-03 11:52:00.000,161,441,1,True
1798,2021-12-03 12:31:00.000,140,440,1,False
1799,2021-12-03 12:34:00.000,216,388,3,True
1800,2021-12-03 11:54:00.000,145,167,3,False
1801,2021-12-03 12:36:00.000,420,290,3,False
1802,2021-12-03 11:55:00.000,731,160,3,False
1803,2021-12-03 11:55:00.000,420,413,3,True
1804,2021-12-03 12:38:00.000,346,144,3,False
1805,2021-12-03 12:38:00.000,532,368,3,True
1806,2021-12-03 11:56:00.000,619,82,3,True
1807,2021-12-03 12:38:00.000,254,388,3,False
1808,2021-12-03 11:57:00.000,200,75,2,False
1809,2021-12-03 12:39:00.000,577,158,3,True
1810,2021-12-03 12:43:00.000,144,88,2,False
1811,2021-12-03 11:57:00.000,538,118,3,True
1812,2021-12-03 11:58:00.000,244,58,2,True
1813,2021-12-03 12:43:00.000,127,41,2,False
1814,2021-12-03 12:43:00.000,131,129,3,False
1815,2021-12-03 11:58:00.000,114,53,2,True
1816,2021-12-03 12:55:00.000,295,157,3,True
1817,2021-12-03 12:53:00.000,107,333,3,False
1818,2021-12-03 11:59:00.000,574,32,2,False
1819,2021-12-03 12:54:00.000,335,217,3,True
1820,2021-12-03 11:59:00.000,187,67,2,True
1821,2021-12-03 12:54:00.000,256,203,3,True
1822,2021-12-03 11:59:00.000,162,392,2,False
1823,2021-12-03 11:59:00.000,349,342,3,True
1824,2021-12-03 12:55:00.000,268,368,3,False
1825,2021-12-03 12:55:00.000,127,206,3,False
1826,2021-12-03 12:00:00.000,227,76,2,True
1827,2021-12-03 12:56:00.000,484,96,2,False
1828,2021-12-03 12:01:00.000,309,96,2,True
1829,2021-12-03 12:00:00.000,724,158,3,True
1830,2021-12-03 12:56:00.000,300,171,3,False
1831,2021-12-03 12:00:00.000,613,366,3,True
1832,2021-12-03 12:57:00.000,252,49,2,False
1833,2021-12-03 12:57:00.000,288,348,3,False
1834,2021-12-03 12:01:00.000,512,346,3,True
1835,2021-12-03 12:58:00.000,206,289,2,True
1836,2021-12-03 13:10:00.000,109,49,2,False
1837,2021-12-03 13:08:00.000,281,32,2,False
1838,2021-12-03 12:06:00.000,245,361,3,False
1839,2021-12-03 12:02:00.000,157,442,1,False
1840,2021-12-03 13:08:00.000,187,55,2,True
1841,2021-12-03 13:08:00.000,369,400,3,False
1842,2021-12-03 12:03:00.000,251,149,3,True
1843,2021-12-03 12:05:00.000,231,141,3,True
1844,2021-12-03 13:08:00.000,625,340,3,True
1845,2021-12-03 12:03:00.000,127,334,3,False
1846,2021-12-03 12:03:00.000,111,204,3,False
1847,2021-12-03 12:04:00.000,376,400,3,True
1848,2021-12-03 13:08:00.000,562,138,3,True
1849,2021-12-03 12:07:00.000,692,204,3,True
1850,2021-12-03 13:08:00.000,124,366,3,False
1851,2021-12-03 13:09:00.000,218,167,3,True
1852,2021-12-03 12:06:00.000,277,41,2,False
1853,2021-12-03 13:09:00.000,442,189,3,False
1854,2021-12-03 12:06:00.000,131,350,3,True
1855,2021-12-03 13:25:00.000,453,413,3,True
1856,2021-12-03 13:38:00.000,157,144,3,False
1857,2021-12-03 13:45:00.000,519,380,3,True
1858,2021-12-03 12:08:00.000,214,152,3,True
1859,2021-12-03 13:46:00.000,761,361,3,True
1860,2021-12-03 12:17:00.000,273,234,3,False
1861,2021-12-03 12:08:00.000,204,367,3,False
1862,2021-12-03 12:09:00.000,271,374,3,True
1863,2021-12-03 12:09:00.000,3660,359,1,False
1864,2021-12-03 12:10:00.000,358,396,3,True
1865,2021-12-03 13:47:00.000,143,239,3,False
1866,2021-12-03 13:49:00.000,157,58,2,True
1867,2021-12-03 12:10:00.000,298,326,1,False
1868,2021-12-03 12:11:00.000,416,342,3,True
1869,2021-12-03 13:51:00.000,290,77,2,False
1870,2021-12-03 12:11:00.000,255,377,1,True
1871,2021-12-03 12:12:00.000,353,239,3,True
1872,2021-12-03 12:13:00.000,247,335,3,True
1873,2021-12-07 12:51:00.000,424,401,2,True
1874,2021-12-07 12:47:00.000,103,443,2,False
1875,2021-12-03 12:13:00.000,375,394,3,False
1876,2021-12-03 12:14:00.000,582,164,3,False
1877,2021-12-14 17:54:00.000,182,444,2,True
1878,2021-12-03 12:28:00.000,177,350,3,False
1879,2021-12-03 12:18:00.000,196,132,2,True
1880,2021-12-03 12:18:00.000,287,59,2,False
1881,2021-12-14 17:50:00.000,174,445,2,True
1882,2021-12-14 13:28:00.000,95,446,2,False
1883,2021-12-03 12:19:00.000,177,41,2,False
1884,2021-12-03 12:19:00.000,181,67,2,False
1885,2021-12-03 12:28:00.000,118,133,3,False
1886,2021-12-14 19:54:00.000,270,447,2,True
1887,2021-12-03 12:22:00.000,310,409,2,True
1888,2021-12-14 08:01:00.000,227,40,2,False
1889,2022-01-10 09:00:00.000,223,55,2,True
1890,2021-12-03 12:22:00.000,176,162,3,True
1891,2021-12-11 09:00:00.000,331,448,2,True
1892,2021-12-13 08:02:00.000,128,449,2,False
1893,2021-12-13 16:03:00.000,151,450,2,True
1894,2021-12-03 12:23:00.000,261,415,2,True
1895,2021-12-03 12:23:00.000,142,172,3,False
1896,2021-12-03 12:23:00.000,231,350,3,True
1897,2021-12-13 10:11:00.000,367,183,2,False
1898,2021-12-03 12:24:00.000,777,435,2,True
1899,2021-12-03 12:24:00.000,391,158,3,True
1900,2021-12-03 12:24:00.000,481,339,3,True
1901,2021-12-03 12:24:00.000,263,369,3,False
1902,2021-12-03 12:24:00.000,181,451,1,True
1903,2021-12-03 12:25:00.000,206,150,3,False
1904,2021-12-03 12:30:00.000,406,406,2,False
1905,2021-12-03 12:29:00.000,519,379,3,True
1906,2021-12-03 12:30:00.000,484,391,3,True
1907,2021-12-03 12:31:00.000,134,353,3,False
1908,2021-12-03 12:31:00.000,606,122,3,True
1909,2021-12-03 12:43:00.000,205,403,2,True
1910,2021-12-03 12:36:00.000,168,86,3,True
1911,2021-12-03 12:37:00.000,208,197,3,False
1912,2021-12-03 12:38:00.000,249,408,3,True
1913,2021-12-03 12:43:00.000,191,33,2,False
1914,2021-12-03 12:43:00.000,170,374,3,True
1915,2021-12-03 12:56:00.000,304,56,2,False
1916,2021-12-03 12:43:00.000,296,373,3,False
1917,2021-12-03 12:55:00.000,158,61,2,False
1918,2021-12-03 12:55:00.000,436,375,3,True
1919,2021-12-03 12:53:00.000,232,349,3,True
1920,2021-12-03 12:53:00.000,164,122,3,True
1921,2021-12-03 12:54:00.000,351,169,3,True
1922,2021-12-03 12:54:00.000,177,433,3,False
1923,2021-12-03 12:55:00.000,271,316,2,True
1924,2021-12-03 12:56:00.000,634,125,3,False
1925,2021-12-03 12:55:00.000,632,383,3,True
1926,2021-12-03 09:52:00.000,93,183,2,False
1927,2021-12-03 12:56:00.000,246,86,3,True
1928,2021-12-03 12:57:00.000,214,129,3,True
1929,2021-12-03 12:56:00.000,280,143,1,True
1930,2021-12-03 12:58:00.000,702,57,2,False
1931,2021-12-03 12:58:00.000,134,42,2,False
1932,2021-12-03 09:07:00.000,176,172,3,False
1933,2021-12-03 13:10:00.000,222,408,3,False
1934,2021-12-03 13:08:00.000,111,43,2,False
1935,2021-12-03 13:08:00.000,348,152,3,True
1936,2021-12-03 13:08:00.000,263,363,3,True
1937,2021-12-03 13:08:00.000,138,433,3,False
1938,2021-12-03 13:09:00.000,233,361,3,True
1939,2021-12-03 13:09:00.000,218,351,3,True
1940,2021-12-03 13:11:00.000,176,402,3,False
1941,2021-12-03 13:45:00.000,682,201,1,True
1942,2021-12-03 13:47:00.000,254,327,3,True
1943,2021-12-03 13:50:00.000,356,67,2,True
1944,2022-01-13 12:45:00.000,162,71,2,False
1945,2021-12-29 11:29:00.000,295,376,2,False
1946,2021-12-21 12:52:00.000,181,401,2,True
1947,2021-12-20 08:31:00.000,194,8,2,False
1948,2021-12-03 13:50:00.000,199,65,2,False
1949,2021-12-03 13:49:00.000,291,238,3,False
1950,2021-12-03 13:49:00.000,244,350,3,True
1951,2022-01-11 20:26:00.000,563,452,2,True
1952,2021-12-15 10:29:00.000,273,61,2,True
1953,2021-12-03 13:50:00.000,163,69,2,True
1954,2021-12-30 12:16:00.000,153,399,2,False
1955,2022-01-03 15:02:00.000,154,453,2,False
1956,2021-12-03 13:50:00.000,196,433,3,True
1957,2021-12-03 13:51:00.000,197,124,2,False
1958,2021-12-03 13:52:00.000,283,35,2,False
1959,2021-12-09 15:32:00.000,162,454,2,True
1960,2021-12-07 12:48:00.000,141,76,2,False
1961,2021-12-07 12:48:00.000,348,39,2,False
1962,2021-12-02 09:52:00.000,107,455,3,False
1963,2021-12-07 12:51:00.000,548,28,2,True
1964,2022-01-07 18:03:00.000,231,456,2,False
1965,2021-12-07 12:51:00.000,96,38,2,False
1966,2022-01-10 15:39:00.000,126,74,2,False
1967,2021-12-17 11:54:00.000,239,457,2,False
1968,2022-01-31 09:58:00.000,194,37,2,True
1969,2021-12-28 14:26:00.000,224,453,2,True
1970,2021-12-14 08:22:00.000,511,8,2,False
1971,2021-12-14 10:53:00.000,322,77,2,True
1972,2021-12-17 10:18:00.000,108,99,2,True
1973,2021-12-14 19:23:00.000,175,458,2,False
1974,2021-12-27 14:44:00.000,236,459,2,True
1975,2021-12-14 08:00:00.000,96,460,2,False
1976,2021-12-13 08:03:00.000,160,22,2,False
1977,2021-12-13 08:04:00.000,160,18,2,False
1978,2021-12-13 16:04:00.000,220,461,2,True
1979,2022-03-14 15:18:37.000,274,462,2,True
1980,2022-02-14 14:45:00.000,248,463,2,False
1981,2022-03-14 14:45:29.000,149,464,2,True
1982,2022-02-16 16:26:00.000,380,458,2,False
1983,2022-02-11 11:46:00.000,294,463,2,True
1984,2021-12-13 10:12:00.000,206,344,2,True
1985,2022-02-11 11:47:00.000,462,465,2,True
1986,2022-01-17 18:06:00.000,205,458,2,False
1987,2021-12-13 10:12:00.000,146,38,2,False
1988,2021-12-11 13:46:00.000,284,102,2,True
1989,2022-02-10 08:13:00.000,127,54,2,False
1990,2022-03-15 14:49:09.000,240,466,2,True
1991,2022-03-15 17:30:35.000,466,467,2,True
1992,2022-03-14 14:32:12.000,273,468,2,True
1993,2022-02-15 14:32:00.000,118,321,2,False
1994,2022-03-15 16:03:36.000,285,15,2,False
1995,2022-03-14 08:24:11.000,162,469,2,False
1996,2022-03-15 13:45:16.000,348,470,2,True
1997,2022-01-25 08:08:00.000,181,471,2,False
1998,2022-03-16 12:02:06.000,174,15,2,True
1999,2022-02-14 10:45:00.000,91,472,2,False
2000,2022-02-14 10:45:00.000,137,338,2,False
2001,2022-03-15 10:34:00.000,179,15,2,True
2002,2022-03-16 09:11:32.000,306,473,2,False
2003,2022-02-05 08:32:00.000,227,474,2,True
2004,2022-02-10 11:07:00.000,217,24,2,True
2005,2022-03-16 13:30:11.000,300,475,2,True
2006,2022-01-27 11:35:00.000,105,55,2,False
2007,2022-01-27 16:19:00.000,174,476,2,True
2008,2022-01-28 19:26:00.000,307,477,2,True
2009,2022-01-31 09:39:00.000,240,478,2,True
2010,2022-01-31 08:41:00.000,337,479,2,True
2011,2022-03-14 20:15:43.000,707,480,2,True
2012,2022-03-14 13:35:54.000,123,481,2,False
2013,2022-03-15 12:26:06.000,213,15,2,False
2014,2022-02-10 18:47:00.000,352,482,2,True
2015,2022-02-02 14:00:00.000,122,463,2,False
2016,2022-03-16 13:10:19.000,386,483,2,True
2017,2022-02-05 15:14:00.000,334,484,2,True
2018,2022-02-10 18:48:00.000,128,453,2,False
2019,2022-03-16 09:53:34.000,104,485,2,True
2020,2022-02-10 09:05:00.000,290,486,2,False
2021,2022-02-09 09:09:00.000,238,487,2,False
2022,2022-03-14 09:10:33.000,213,488,2,True
2023,2022-02-15 09:42:00.000,143,99,2,True
2024,2021-12-03 11:15:00.000,255,99,2,False
2025,2022-03-16 14:53:29.000,109,489,2,False
2026,2022-03-16 11:12:04.000,121,485,2,True
2027,2022-02-11 09:55:00.000,99,490,2,False
2028,2022-02-11 10:44:00.000,332,77,2,False
2029,2022-02-11 12:54:00.000,261,301,2,True
2030,2022-02-11 12:54:00.000,94,219,2,False
2031,2022-02-11 13:37:00.000,234,491,2,True
2032,2022-02-11 13:38:00.000,210,88,2,True
2033,2022-03-15 12:36:09.000,145,492,2,True
2034,2022-03-15 12:49:16.000,158,15,2,False
2035,2022-03-12 11:07:23.000,132,493,2,False
2036,2022-03-12 09:47:39.000,214,475,2,False
2037,2022-03-16 14:02:55.000,180,494,2,True
2038,2022-03-16 11:56:27.000,151,495,2,False
2039,2022-03-16 13:47:45.000,628,496,2,True
2040,2022-03-14 16:46:33.000,220,15,2,True
2041,2022-03-15 18:37:23.000,151,15,2,False
2042,2022-03-15 09:55:37.000,584,497,2,True
2043,2022-03-15 19:09:25.000,273,15,2,False
2044,2022-03-15 18:49:41.000,170,15,2,True
2045,2022-03-15 09:08:17.000,216,15,2,True
2046,2022-03-12 13:12:16.000,316,480,2,True
2047,2021-12-03 09:43:00.000,97,172,3,False
2048,2021-12-03 09:41:00.000,175,498,1,False
2049,2022-03-12 12:11:23.000,331,497,2,True
2050,2022-03-12 13:30:01.000,173,15,2,True
2051,2022-03-11 16:10:35.000,474,499,2,True
2052,2022-03-11 19:20:07.000,131,464,2,False
2053,2022-03-11 11:42:00.000,383,500,1,False
2054,2022-03-12 12:43:41.000,262,501,2,False
2055,2022-03-16 10:32:20.000,256,502,2,True
2056,2022-03-16 13:21:39.000,385,15,2,True
2057,2022-03-14 15:59:41.000,107,489,2,False
2058,2022-03-14 08:24:12.000,215,481,2,True
2059,2022-03-14 11:58:20.000,376,15,2,True
2060,2022-03-14 11:02:39.000,309,488,2,False
2061,2022-03-14 16:44:53.000,457,462,2,True
2062,2022-03-14 10:32:38.000,152,503,2,False
2063,2022-03-14 16:13:34.000,350,462,2,True
2064,2022-03-14 08:47:35.000,101,15,2,False
2065,2022-03-14 16:52:26.000,233,467,2,True
2066,2022-03-16 11:21:08.000,91,504,2,True
2067,2021-12-15 15:58:00.000,367,477,2,False
2068,2021-12-18 10:11:00.000,203,26,2,False
2069,2021-12-29 16:29:00.000,138,505,2,False
2070,2022-01-05 09:16:00.000,256,506,2,False
2071,2022-01-03 11:47:00.000,215,507,2,True
2072,2022-01-27 09:38:00.000,192,508,2,True
2073,2022-03-16 08:52:41.000,243,15,2,True
2074,2021-12-02 09:23:00.000,99,149,3,False
2075,2022-01-24 13:25:00.000,326,509,2,False
2076,2022-01-11 10:09:00.000,257,37,2,False
2077,2022-03-16 19:07:00.000,126,510,1,False
2078,2022-01-12 13:15:00.000,312,292,2,True
2079,2022-01-10 20:30:00.000,324,461,2,True
2080,2021-12-22 14:16:00.000,395,511,2,True
2081,2022-03-14 18:34:24.000,228,512,2,True
2082,2021-12-27 14:05:00.000,245,513,2,True
2083,2022-01-29 17:05:00.000,267,458,2,False
2084,2022-02-11 09:02:00.000,362,89,2,False
2085,2022-01-18 17:57:00.000,459,514,2,True
2086,2022-01-07 11:01:00.000,217,25,2,True
2087,2022-01-27 15:30:00.000,211,515,2,False
2088,2022-02-10 08:12:00.000,611,516,2,False
2089,2022-02-16 16:25:00.000,158,454,2,True
2090,2021-12-28 09:59:00.000,190,517,2,True
2091,2022-02-15 12:35:00.000,462,518,2,True
2092,2022-02-16 16:26:00.000,418,519,2,False
2093,2022-02-11 11:47:00.000,165,410,2,False
2094,2022-02-10 08:12:00.000,266,520,2,True
2095,2022-03-14 16:20:52.000,540,480,2,True
2096,2022-02-11 11:47:00.000,288,521,2,False
2097,2022-02-10 08:13:00.000,124,446,2,False
2098,2022-03-15 13:22:56.000,242,522,2,False
2099,2022-03-14 12:14:58.000,169,488,2,True
2100,2022-01-08 12:47:00.000,311,523,2,True
2101,2022-03-16 15:08:24.000,487,15,2,False
2102,2022-02-14 10:46:00.000,180,524,2,True
2103,2022-03-16 14:14:02.000,255,15,2,True
2104,2022-03-14 13:12:03.000,414,15,2,True
2105,2022-02-10 11:06:00.000,134,525,2,False
2106,2022-02-10 11:07:00.000,157,526,2,True
2107,2022-01-31 14:35:00.000,172,458,2,False
2108,2022-01-31 17:05:00.000,140,527,2,False
2109,2022-02-01 18:04:00.000,312,528,2,True
2110,2022-03-14 19:18:11.000,353,462,2,False
2111,2022-03-14 18:35:00.000,316,529,1,False
2112,2022-02-02 10:19:00.000,389,24,2,False
2113,2022-03-15 18:59:33.000,120,15,2,False
2114,2022-02-10 18:47:00.000,443,530,2,True
2115,2022-02-04 10:26:00.000,153,508,2,False
2116,2022-02-04 15:02:00.000,208,453,2,False
2117,2022-02-05 11:19:00.000,332,482,2,True
2118,2022-02-07 10:29:00.000,223,479,2,False
2119,2022-03-16 20:20:32.000,218,462,2,True
2120,2022-03-14 16:13:33.000,652,531,2,False
2121,2022-03-16 09:05:05.000,140,485,2,False
2122,2022-03-16 16:54:10.000,217,512,2,True
2123,2022-02-09 10:27:00.000,346,532,2,True
2124,2022-02-09 16:50:00.000,205,533,2,False
2125,2022-03-16 08:34:35.000,315,469,2,True
2126,2022-02-14 09:05:00.000,111,443,2,True
2127,2022-02-16 10:47:00.000,187,73,2,True
2128,2022-03-16 12:28:15.000,209,462,2,True
2129,2022-03-15 17:02:58.000,386,467,2,False
2130,2022-02-10 13:09:00.000,409,534,2,True
2131,2022-02-10 15:49:00.000,103,535,2,False
2132,2022-02-11 16:04:00.000,116,447,2,False
2133,2022-02-11 16:04:00.000,206,536,2,True
2134,2022-02-11 09:55:00.000,250,219,2,True
2135,2022-02-11 10:43:00.000,379,486,2,False
2136,2022-02-11 10:43:00.000,321,537,2,False
2137,2022-02-11 12:54:00.000,297,292,2,True
2138,2022-02-11 12:53:00.000,235,538,2,False
2139,2022-02-11 12:53:00.000,654,471,2,True
2140,2022-02-11 13:38:00.000,107,479,2,False
2141,2022-03-15 09:14:16.000,295,539,2,False
2142,2022-03-15 13:44:12.000,322,539,2,True
2143,2022-03-15 13:50:46.000,163,15,2,True
2144,2022-03-15 13:04:23.000,173,15,2,False
2145,2022-03-14 10:12:12.000,312,496,2,True
2146,2022-03-16 08:08:53.000,420,15,2,False
2147,2022-03-16 12:21:53.000,243,496,2,True
2148,2022-03-16 11:46:36.000,183,15,2,True
2149,2022-03-15 08:16:19.000,133,494,2,False
2150,2022-03-15 18:49:59.000,112,489,2,True
2151,2022-03-11 12:36:00.000,134,500,1,False
2152,2022-03-12 17:55:49.000,151,464,2,False
2153,2022-03-16 10:14:19.000,254,501,2,True
2154,2022-03-16 08:03:11.000,258,540,2,True
2155,2022-03-12 08:34:45.000,198,475,2,False
2156,2022-03-12 11:42:07.000,209,15,2,False
2157,2022-03-11 14:44:00.000,305,541,1,False
2158,2022-03-12 08:33:20.000,176,15,2,True
2159,2022-03-12 13:25:14.000,138,464,2,True
2160,2022-03-16 08:36:52.000,292,15,2,True
2161,2022-03-12 12:07:14.000,230,15,2,True
2162,2022-03-16 19:14:00.000,321,531,2,True
2163,2022-03-14 13:53:14.000,130,539,2,False
2164,2022-03-14 10:44:35.000,162,488,2,True
2165,2022-03-14 12:56:13.000,255,542,2,False
2166,2022-03-14 15:41:52.000,199,15,2,True
2167,2022-03-14 17:44:53.000,229,512,2,True
2168,2022-03-14 15:44:25.000,155,489,2,True
2169,2022-03-14 20:35:45.000,302,15,2,True
2170,2022-03-14 08:53:33.000,150,543,2,True
2171,2022-03-14 10:10:31.000,200,503,2,True
2172,2022-03-14 18:51:35.000,227,464,2,True
2173,2022-03-15 08:18:00.000,174,544,1,True
2174,2022-03-16 09:24:22.000,184,545,2,True
2175,2022-03-16 14:31:08.000,326,15,2,True
2176,2022-03-16 13:56:42.000,181,485,2,False
2177,2022-03-14 19:37:03.000,141,546,2,True
2178,2022-03-14 16:59:54.000,193,546,2,True
